건축건설공사,1786,3545,0,NNP,*,F,건축건설공사,*,*,*,*,*
건축,1786,3546,0,NNP,*,T,건축,*,*,*,*,*
건설,1786,3546,0,NNP,*,T,건설,*,*,*,*,*
공사,1786,3545,0,NNP,*,F,공사,*,*,*,*,*\
건축건설,1786,3546,0,NNP,*,T,건축건설,*,*,*,*,*
건설공사,1786,3545,0,NNP,*,F,건설공사,*,*,*,*,*
현장,1786,3546,0,NNP,*,T,현장,*,*,*,*,*
사업서비스업,1786,3546,0,NNP,*,T,사업서비스업,*,*,*,*,*
사업,1786,3546,0,NNP,*,T,사업,*,*,*,*,*
서비스업,1786,3546,0,NNP,*,T,서비스업,*,*,*,*,*
서비스,1786,3545,0,NNP,*,F,서비스,*,*,*,*,*
의약부외품제조업,1786,3546,0,NNP,*,T,의약부외품제조업,*,*,*,*,*
의약부외품제조국가 및 지방자치단체의 사업,1786,3546,0,NNP,*,T,의약부외품제조국가 및 지방자치단체의 사업,*,*,*,*,*
국가,1786,3545,0,NNP,*,F,국가,*,*,*,*,*
지방자치단체,1786,3546,0,NNP,*,T,지방자치단체,*,*,*,*,*
자치단체,1786,3546,0,NNP,*,T,자치단체,*,*,*,*,*
음식 및 숙박업,1786,3546,0,NNP,*,T,음식 및 숙박업,*,*,*,*,*
음식,1786,3546,0,NNP,*,T,음식,*,*,*,*,*
숙박업,1786,3546,0,NNP,*,T,숙박업,*,*,*,*,*
숙박,1786,3546,0,NNP,*,T,숙박,*,*,*,*,*
보건 및 사회복지사업,1786,3546,0,NNP,*,T,보건 및 사회복지사업,*,*,*,*,*
보건,1786,3546,0,NNP,*,T,보건,*,*,*,*,*
사회복지사업,1786,3546,0,NNP,*,T,사회복지사업,*,*,*,*,*
사회복지,1786,3545,0,NNP,*,F,사회복지,*,*,*,*,*
복지사업,1786,3546,0,NNP,*,T,복지사업,*,*,*,*,*
금속,1786,3546,0,NNP,*,T,금속,*,*,*,*,*
제련,1786,3546,0,NNP,*,T,제련,*,*,*,*,*
정련업,1786,3546,0,NNP,*,T,정련업,*,*,*,*,*
정련,1786,3546,0,NNP,*,T,정련,*,*,*,*,*
고무제품제조업,1786,3546,0,NNP,*,T,고무제품제조업,*,*,*,*,*
고무,1786,3545,0,NNP,*,F,고무,*,*,*,*,*
제품,1786,3546,0,NNP,*,T,제품,*,*,*,*,*
제조업,1786,3546,0,NNP,*,T,제조업,*,*,*,*,*
고무제품,1786,3546,0,NNP,*,T,고무제품,*,*,*,*,*
제품제조업,1786,3546,0,NNP,*,T,제품제조업,*,*,*,*,*
제조,1786,3545,0,NNP,*,F,제조,*,*,*,*,*
일반산업용,1786,3546,0,NNP,*,T,일반산업용,*,*,*,*,*
기계장치제조업,1786,3546,0,NNP,*,T,기계장치제조업,*,*,*,*,*
산업용,1786,3546,0,NNP,*,T,산업용,*,*,*,*,*
기계,1786,3545,0,NNP,*,F,기계,*,*,*,*,*
장치,1786,3545,0,NNP,*,F,장치,*,*,*,*,*
기계장치,1786,3545,0,NNP,*,F,기계장치,*,*,*,*,*
장치제조업,1786,3546,0,NNP,*,T,장치제조업,*,*,*,*,*
기계장치제조,1786,3545,0,NNP,*,F,기계장치제조,*,*,*,*,*
목재가구제조업,1786,3546,0,NNP,*,T,목재가구제조업,*,*,*,*,*
목재,1786,3546,0,NNP,*,T,목재,*,*,*,*,*
가구,1786,3545,0,NNP,*,F,가구,*,*,*,*,*
목재가구,1786,3545,0,NNP,*,F,목재가구,*,*,*,*,*
가구제조업,1786,3546,0,NNP,*,T,가구제조업,*,*,*,*,*
가구제조,1786,3545,0,NNP,*,F,가구제조,*,*,*,*,*
목재가구제조,1786,3545,0,NNP,*,F,목재가구제조,*,*,*,*,*
도매,1786,3546,0,NNP,*,T,도매,*,*,*,*,*
소매,1786,3546,0,NNP,*,T,소매,*,*,*,*,*
도소매,1786,3546,0,NNP,*,T,도소매,*,*,*,*,*
소비자용품수리업,1786,3546,0,NNP,*,T,소비자용품수리업,*,*,*,*,*
소비자,1786,3545,0,NNP,*,F,소비자,*,*,*,*,*
소비자용품,1786,3546,0,NNP,*,T,소비자용품,*,*,*,*,*
수리업,1786,3546,0,NNP,*,T,수리업,*,*,*,*,*
수리,1786,3545,0,NNP,*,F,수리,*,*,*,*,*
소비자용품수리,1786,3545,0,NNP,*,F,소비자용품수리,*,*,*,*,*
의류,1786,3545,0,NNP,*,F,의류,*,*,*,*,*
조미료,1786,3545,0,NNP,*,F,조미료,*,*,*,*,*
선재제품제조업,1786,3546,0,NNP,*,T,선재제품제조업,*,*,*,*,*
선재,1786,3546,0,NNP,*,T,선재,*,*,*,*,*
선재제품,1786,3546,0,NNP,*,T,선재제품,*,*,*,*,*
선재제품제조,1786,3545,0,NNP,*,F,선재제품제조,*,*,*,*,*
절연전선,1786,3546,0,NNP,*,T,절연전선,*,*,*,*,*
전선,1786,3546,0,NNP,*,T,전선,*,*,*,*,*
케이블제조업,1786,3546,0,NNP,*,T,케이블제조업,*,*,*,*,*
케이블,1786,3546,0,NNP,*,T,케이블,*,*,*,*,*
위생 및 유사서비스업,1786,3546,0,NNP,*,T,위생 및 유사서비스업,*,*,*,*,*
위생,1786,3546,0,NNP,*,T,위생,*,*,*,*,*
유사서비스업,1786,3546,0,NNP,*,T,유사서비스업,*,*,*,*,*
건물,1786,3546,0,NNP,*,T,건물,*,*,*,*,*
종합관리사업,1786,3546,0,NNP,*,T,종합관리사업,*,*,*,*,*
종합관리,1786,3545,0,NNP,*,F,종합관리,*,*,*,*,*
관리사업,1786,3546,0,NNP,*,T,관리사업,*,*,*,*,*
관리,1786,3545,0,NNP,*,F,관리,*,*,*,*,*
택시,1786,3545,0,NNP,*,F,택시,*,*,*,*,*
경차량운수업,1786,3546,0,NNP,*,T,경차량운수업,*,*,*,*,*
운수업,1786,3546,0,NNP,*,T,운수업,*,*,*,*,*
경차량,1786,3546,0,NNP,*,T,경차량,*,*,*,*,*
경차량운수,1786,3545,0,NNP,*,F,경차량운수,*,*,*,*,*
운수,1786,3545,0,NNP,*,F,운수,*,*,*,*,*
금속가공기계제조업,1786,3546,0,NNP,*,T,금속가공기계제조업,*,*,*,*,*
가공,1786,3546,0,NNP,*,T,가공,*,*,*,*,*
기계제조업,1786,3546,0,NNP,*,T,기계제조업,*,*,*,*,*
기계제조,1786,3545,0,NNP,*,F,기계제조,*,*,*,*,*
금속가공,1786,3546,0,NNP,*,T,금속가공,*,*,*,*,*
가공기계,1786,3545,0,NNP,*,F,가공기계,*,*,*,*,*
금속가공기계,1786,3545,0,NNP,*,F,금속가공기계,*,*,*,*,*
금속가공업,1786,3546,0,NNP,*,T,금속가공업,*,*,*,*,*
가공기계제조업,1786,3546,0,NNP,*,T,가공기계제조업,*,*,*,*,*
가공기계제조,1786,3545,0,NNP,*,F,가공기계제조,*,*,*,*,*
가공 제품,1786,3546,0,NNP,*,T,가공 제품,*,*,*,*,*
자동차부분품제조업,1786,3546,0,NNP,*,T,자동차부분품제조업,*,*,*,*,*
자동차부분품,1786,3546,0,NNP,*,T,자동차부분품,*,*,*,*,*
부분품,1786,3546,0,NNP,*,T,부분품,*,*,*,*,*
부분품제조업,1786,3546,0,NNP,*,T,부분품제조업,*,*,*,*,*
부분품제조,1786,3545,0,NNP,*,F,부분품제조,*,*,*,*,*
자동차부분품제조,1786,3545,0,NNP,*,F,자동차부분품제조,*,*,*,*,*
플라스틱가공제품제조업,1786,3546,0,NNP,*,T,플라스틱가공제품제조업,*,*,*,*,*
플라스틱,1786,3546,0,NNP,*,T,플라스틱,*,*,*,*,*
가공제품,1786,3546,0,NNP,*,T,가공제품,*,*,*,*,*
플라스틱가공,1786,3546,0,NNP,*,T,플라스틱가공,*,*,*,*,*
플라스틱가공제품,1786,3546,0,NNP,*,T,플라스틱가공제품,*,*,*,*,*
제품제조,1786,3545,0,NNP,*,F,제품제조,*,*,*,*,*
가공제품제조업,1786,3546,0,NNP,*,T,가공제품제조업,*,*,*,*,*
플라스틱가공제품제조,1786,3545,0,NNP,*,F,플라스틱가공제품제조,*,*,*,*,*
각종기계,1786,3545,0,NNP,*,F,각종기계,*,*,*,*,*
부속품,1786,3546,0,NNP,*,T,부속품,*,*,*,*,*
부속품제조,1786,3545,0,NNP,*,F,부속품제조,*,*,*,*,*
부속품제조업,1786,3546,0,NNP,*,T,부속품제조업,*,*,*,*,*
육상화물취급업,1786,3546,0,NNP,*,T,육상화물취급업,*,*,*,*,*
육상,1786,3546,0,NNP,*,T,육상,*,*,*,*,*
화물,1786,3546,0,NNP,*,T,화물,*,*,*,*,*
육상화물,1786,3546,0,NNP,*,T,육상화물,*,*,*,*,*
화물취급업,1786,3546,0,NNP,*,T,화물취급업,*,*,*,*,*
취급업,1786,3546,0,NNP,*,T,취급업,*,*,*,*,*
육상화물취급,1786,3546,0,NNP,*,T,육상화물취급,*,*,*,*,*
표백,1786,3546,0,NNP,*,T,표백,*,*,*,*,*
염색가공업,1786,3546,0,NNP,*,T,염색가공업,*,*,*,*,*
염색,1786,3546,0,NNP,*,T,염색,*,*,*,*,*
가공업,1786,3546,0,NNP,*,T,가공업,*,*,*,*,*
염색가공,1786,3546,0,NNP,*,T,염색가공,*,*,*,*,*
창호시공업,1786,3546,0,NNP,*,T,창호시공업,*,*,*,*,*
창호시공,1786,3546,0,NNP,*,T,창호시공,*,*,*,*,*
창호,1786,3545,0,NNP,*,F,창호,*,*,*,*,*
시공,1786,3546,0,NNP,*,T,시공,*,*,*,*,*
기계장치공사,1786,3545,0,NNP,*,F,기계장치공사,*,*,*,*,*
장치공사,1786,3545,0,NNP,*,F,장치공사,*,*,*,*,*
각종제조업,1786,3546,0,NNP,*,T,각종제조업,*,*,*,*,*
각종제조,1786,3545,0,NNP,*,F,각종제조,*,*,*,*,*
금융업,1786,3546,0,NNP,*,T,금융업,*,*,*,*,*
금융,1786,3546,0,NNP,*,T,금융,*,*,*,*,*
건설기계,1786,3545,0,NNP,*,F,건설기계,*,*,*,*,*
광산기계,1786,3545,0,NNP,*,F,광산기계,*,*,*,*,*
광산,1786,3546,0,NNP,*,T,광산,*,*,*,*,*
설비품,1786,3546,0,NNP,*,T,설비품,*,*,*,*,*
설비품제조,1786,3545,0,NNP,*,F,설비품제조,*,*,*,*,*
설비품제조업,1786,3546,0,NNP,*,T,설비품제조업,*,*,*,*,*
자동차,1786,3545,0,NNP,*,F,자동차,*,*,*,*,*
여객운수업,1786,3546,0,NNP,*,T,여객운수업,*,*,*,*,*
여객운수,1786,3545,0,NNP,*,F,여객운수,*,*,*,*,*
여객,1786,3546,0,NNP,*,T,여객,*,*,*,*,*
자동차전세여객,1786,3546,0,NNP,*,T,자동차전세여객,*,*,*,*,*
전세여객,1786,3546,0,NNP,*,T,전세여객,*,*,*,*,*
전세여객운수업,1786,3546,0,NNP,*,T,전세여객운수업,*,*,*,*,*
전세여객운수,1786,3545,0,NNP,*,F,전세여객운수,*,*,*,*,*
디스플레이,1786,3545,0,NNP,*,F,디스플레이,*,*,*,*,*
장비,1786,3545,0,NNP,*,F,장비,*,*,*,*,*
프레임,1786,3546,0,NNP,*,T,프레임,*,*,*,*,*
부품,1786,3546,0,NNP,*,T,부품,*,*,*,*,*
부품제조업,1786,3546,0,NNP,*,T,부품제조업,*,*,*,*,*
자동차차체,1786,3546,0,NNP,*,T,자동차차체,*,*,*,*,*
자동차차체용,1786,3546,0,NNP,*,T,자동차차체용,*,*,*,*,*
자동차차체용부품,1786,3546,0,NNP,*,T,자동차차체용부품,*,*,*,*,*
차체용부품,1786,3546,0,NNP,*,T,차체용부품,*,*,*,*,*
부품제조,1786,3545,0,NNP,*,F,부품제조,*,*,*,*,*
차체용,1786,3546,0,NNP,*,T,차체용,*,*,*,*,*
전기,1786,3545,0,NNP,*,F,전기,*,*,*,*,*
전기기계,1786,3545,0,NNP,*,F,전기기계,*,*,*,*,*
전기기계제조업,1786,3546,0,NNP,*,T,전기기계제조업,*,*,*,*,*
전기기계제조,1786,3545,0,NNP,*,F,전기기계제조,*,*,*,*,*
전자관,1786,3546,0,NNP,*,T,전자관,*,*,*,*,*
반도체소자,1786,3545,0,NNP,*,F,반도체소자,*,*,*,*,*
반도체,1786,3546,0,NNP,*,T,반도체,*,*,*,*,*
반도체소자제조업,1786,3546,0,NNP,*,T,반도체소자제조업,*,*,*,*,*
모터사이클,1786,3546,0,NNP,*,T,모터사이클,*,*,*,*,*
모터사이클수리업,1786,3546,0,NNP,*,T,모터사이클수리업,*,*,*,*,*
모터사이클수리,1786,3545,0,NNP,*,F,모터사이클수리,*,*,*,*,*
자동차차체용부품제조업,1786,3546,0,NNP,*,T,자동차차체용부품제조업,*,*,*,*,*
건설용,1786,3546,0,NNP,*,T,건설용,*,*,*,*,*
금속제품제조,1786,3545,0,NNP,*,F,금속제품제조,*,*,*,*,*
금속제품제조업,1786,3546,0,NNP,*,T,금속제품제조업,*,*,*,*,*
건설용금속,1786,3546,0,NNP,*,T,건설용금속,*,*,*,*,*
금속제품,1786,3546,0,NNP,*,T,금속제품,*,*,*,*,*
건설용금속제품,1786,3546,0,NNP,*,T,건설용금속제품,*,*,*,*,*
건설용금속제품제조업,1786,3546,0,NNP,*,T,건설용금속제품제조업,*,*,*,*,*
의약품,1786,3546,0,NNP,*,T,의약품,*,*,*,*,*
사료,1786,3545,0,NNP,*,F,사료,*,*,*,*,*
동물용 사료,1786,3545,0,NNP,*,F,동물용 사료,*,*,*,*,*
제식품 제조,1786,3545,0,NNP,*,F,제식품 제조,*,*,*,*,*
제식품,1786,3546,0,NNP,*,T,제식품,*,*,*,*,*
제식품제조,1786,3545,0,NNP,*,F,제식품제조,*,*,*,*,*
동물용사료,1786,3545,0,NNP,*,F,동물용사료,*,*,*,*,*
폐기물,1786,3546,0,NNP,*,T,폐기물,*,*,*,*,*
수집,1786,3546,0,NNP,*,T,수집,*,*,*,*,*
운반업,1786,3546,0,NNP,*,T,운반업,*,*,*,*,*
횟집,1786,3546,0,NNP,*,T,횟집,*,*,*,*,*
자동차부품,1786,3546,0,NNP,*,T,자동차부품,*,*,*,*,*
강선건조,1786,3545,0,NNP,*,F,강선건조,*,*,*,*,*
환경미화원,1786,3546,0,NNP,*,T,환경미화원,*,*,*,*,*
미화원,1786,3546,0,NNP,*,T,미화원,*,*,*,*,*
소매업,1786,3546,0,NNP,*,T,소매업,*,*,*,*,*
도매업,1786,3546,0,NNP,*,T,도매업,*,*,*,*,*
전구제조업,1786,3546,0,NNP,*,T,전구제조업,*,*,*,*,*
전구제조,1786,3545,0,NNP,*,F,전구제조,*,*,*,*,*
전구,1786,3545,0,NNP,*,F,전구,*,*,*,*,*
백반집,1786,3546,0,NNP,*,T,백반집,*,*,*,*,*
백반,1786,3546,0,NNP,*,T,백반,*,*,*,*,*
제강압연업,1786,3546,0,NNP,*,T,제강압연업,*,*,*,*,*
제강압연,1786,3546,0,NNP,*,T,제강압연,*,*,*,*,*
제강,1786,3546,0,NNP,*,T,제강,*,*,*,*,*
압연,1786,3546,0,NNP,*,T,압연,*,*,*,*,*
건설업,1786,3546,0,NNP,*,T,건설업,*,*,*,*,*
확인불가,1786,3545,0,NNP,*,F,확인불가,*,*,*,*,*
상품,1786,3546,0,NNP,*,T,상품,*,*,*,*,*
중개,1786,3546,0,NNP,*,T,중개,*,*,*,*,*
상품중개,1786,3546,0,NNP,*,T,상품중개,*,*,*,*,*
상품중개업,1786,3546,0,NNP,*,T,상품중개업,*,*,*,*,*
야채,1786,3546,0,NNP,*,T,야채,*,*,*,*,*
과실,1786,3546,0,NNP,*,T,과실,*,*,*,*,*
통조림,1786,3546,0,NNP,*,T,통조림,*,*,*,*,*
절임,1786,3546,0,NNP,*,T,절임,*,*,*,*,*
식료품제조,1786,3545,0,NNP,*,F,식료품제조,*,*,*,*,*
식료품,1786,3546,0,NNP,*,T,식료품,*,*,*,*,*
식료품제조업,1786,3546,0,NNP,*,T,식료품제조업,*,*,*,*,*
전기히터,1786,3545,0,NNP,*,F,전기히터,*,*,*,*,*
히터,1786,3545,0,NNP,*,F,히터,*,*,*,*,*
제조업체,1786,3546,0,NNP,*,T,제조업체,*,*,*,*,*
보건및사회복지사업,1786,3546,0,NNP,*,T,보건및사회복지사업,*,*,*,*,*
자동차제조업,1786,3546,0,NNP,*,T,자동차제조업,*,*,*,*,*
수산물제조,1786,3545,0,NNP,*,F,수산물제조,*,*,*,*,*
수산물,1786,3546,0,NNP,*,T,수산물,*,*,*,*,*
판매,1786,3546,0,NNP,*,T,판매,*,*,*,*,*
육제품,1786,3546,0,NNP,*,T,육제품,*,*,*,*,*
유제품,1786,3546,0,NNP,*,T,유제품,*,*,*,*,*
도소매및소비자용품수리업,1786,3546,0,NNP,*,T,도소매및소비자용품수리업,*,*,*,*,*
선박건조,1786,3545,0,NNP,*,F,선박건조,*,*,*,*,*
개인및가정용품수리업,1786,3546,0,NNP,*,T,개인및가정용품수리업,*,*,*,*,*
개인용품,1786,3546,0,NNP,*,T,개인용품,*,*,*,*,*
가정용품,1786,3546,0,NNP,*,T,가정용품,*,*,*,*,*
가정용품수리,1786,3545,0,NNP,*,F,가정용품수리,*,*,*,*,*
가정용품수리업,1786,3546,0,NNP,*,T,가정용품수리업,*,*,*,*,*
용품수리,1786,3545,0,NNP,*,F,용품수리,*,*,*,*,*
용품수리업,1786,3546,0,NNP,*,T,용품수리업,*,*,*,*,*
개인용품수리,1786,3545,0,NNP,*,F,개인용품수리,*,*,*,*,*
개인용품수리업,1786,3546,0,NNP,*,T,개인용품수리업,*,*,*,*,*
조경,1786,3546,0,NNP,*,T,조경,*,*,*,*,*
수산물소매업,1786,3546,0,NNP,*,T,수산물소매업,*,*,*,*,*
수산물소매,1786,3546,0,NNP,*,T,수산물소매,*,*,*,*,*
수산물도매,1786,3546,0,NNP,*,T,수산물도매,*,*,*,*,*
수산물도매업,1786,3546,0,NNP,*,T,수산물도매업,*,*,*,*,*
구역화물운수업,1786,3546,0,NNP,*,T,구역화물운수업,*,*,*,*,*
화물운수업,1786,3546,0,NNP,*,T,화물운수업,*,*,*,*,*
화물운수,1786,3545,0,NNP,*,F,화물운수,*,*,*,*,*
협회,1786,3545,0,NNP,*,F,협회,*,*,*,*,*
단체,1786,3546,0,NNP,*,T,단체,*,*,*,*,*
개인서비스업,1786,3546,0,NNP,*,T,개인서비스업,*,*,*,*,*
개인서비스,1786,3545,0,NNP,*,F,개인서비스,*,*,*,*,*
플라스틱제품제조업,1786,3546,0,NNP,*,T,플라스틱제품제조업,*,*,*,*,*
플라스틱제품,1786,3546,0,NNP,*,T,플라스틱제품,*,*,*,*,*
플라스틱제품제조,1786,3545,0,NNP,*,F,플라스틱제품제조,*,*,*,*,*
특수목적용,1786,3546,0,NNP,*,T,특수목적용,*,*,*,*,*
특수목적용기계,1786,3545,0,NNP,*,F,특수목적용기계,*,*,*,*,*
밸브,1786,3545,0,NNP,*,F,밸브,*,*,*,*,*
모터펌프,1786,3545,0,NNP,*,F,모터펌프,*,*,*,*,*
크레인,1786,3546,0,NNP,*,T,크레인,*,*,*,*,*
컨베이어롤러,1786,3545,0,NNP,*,F,컨베이어롤러,*,*,*,*,*
장치제조,1786,3545,0,NNP,*,F,장치제조,*,*,*,*,*
월동무 출하작업,1786,3546,0,NNP,*,T,월동무 출하작업,*,*,*,*,*
출하,1786,3545,0,NNP,*,F,출하,*,*,*,*,*
출하작업,1786,3546,0,NNP,*,T,출하작업,*,*,*,*,*
월동무,1786,3545,0,NNP,*,F,월동무,*,*,*,*,*
전기도금업,1786,3546,0,NNP,*,T,전기도금업,*,*,*,*,*
도금,1786,3546,0,NNP,*,T,도금,*,*,*,*,*
도금업,1786,3546,0,NNP,*,T,도금업,*,*,*,*,*
전기도금,1786,3546,0,NNP,*,T,전기도금,*,*,*,*,*
빵,1786,3546,0,NNP,*,T,빵,*,*,*,*,*
과자,1786,3545,0,NNP,*,F,과자,*,*,*,*,*
과자류,1786,3545,0,NNP,*,F,과자류,*,*,*,*,*
과자류제조,1786,3545,0,NNP,*,F,과자류제조,*,*,*,*,*
제조관련,1786,3546,0,NNP,*,T,제조관련,*,*,*,*,*
단순종사자,1786,3545,0,NNP,*,F,단순종사자,*,*,*,*,*
단순종사,1786,3545,0,NNP,*,F,단순종사,*,*,*,*,*
제조관련단순종사자,1786,3545,0,NNP,*,F,제조관련단순종사자,*,*,*,*,*
종사자,1786,3545,0,NNP,*,F,종사자,*,*,*,*,*
도소매및소비자용품수리,1786,3545,0,NNP,*,F,도소매및소비자용품수리,*,*,*,*,*
한약제조,1786,3545,0,NNP,*,F,한약제조,*,*,*,*,*
한약,1786,3546,0,NNP,*,T,한약,*,*,*,*,*
야채및과실,1786,3546,0,NNP,*,T,야채및과실,*,*,*,*,*
절임식료품,1786,3546,0,NNP,*,T,절임식료품,*,*,*,*,*
절임식료품제조업,1786,3546,0,NNP,*,T,절임식료품제조업,*,*,*,*,*
폐기물종합재활용,1786,3546,0,NNP,*,T,폐기물종합재활용,*,*,*,*,*
재활용,1786,3546,0,NNP,*,T,재활용,*,*,*,*,*
산업기계,1786,3545,0,NNP,*,F,산업기계,*,*,*,*,*
비금속원료,1786,3545,0,NNP,*,F,비금속원료,*,*,*,*,*
기타절임식료품제조업,1786,3546,0,NNP,*,T,기타절임식료품제조업,*,*,*,*,*
원료,1786,3545,0,NNP,*,F,원료,*,*,*,*,*
비금속,1786,3546,0,NNP,*,T,비금속,*,*,*,*,*
재생,1786,3546,0,NNP,*,T,재생,*,*,*,*,*
재생업체,1786,3546,0,NNP,*,T,재생업체,*,*,*,*,*
식당,1786,3546,0,NNP,*,T,식당,*,*,*,*,*
출판인쇄 및 기록매체복제업,1786,3546,0,NNP,*,T,출판인쇄 및 기록매체복제업,*,*,*,*,*
출판,1786,3546,0,NNP,*,T,출판,*,*,*,*,*
인쇄,1786,3545,0,NNP,*,F,인쇄,*,*,*,*,*
기록매체,1786,3546,0,NNP,*,T,기록매체,*,*,*,*,*
매체,1786,3546,0,NNP,*,T,매체,*,*,*,*,*
기록매체복제업,1786,3546,0,NNP,*,T,기록매체복제업,*,*,*,*,*
복제업,1786,3546,0,NNP,*,T,복제업,*,*,*,*,*
복제,1786,3546,0,NNP,*,T,복제,*,*,*,*,*
기록매체복제,1786,3546,0,NNP,*,T,기록매체복제,*,*,*,*,*
출판인쇄,1786,3545,0,NNP,*,F,출판인쇄,*,*,*,*,*
청소원,1786,3546,0,NNP,*,T,청소원,*,*,*,*,*
환경 미화원,1786,3546,0,NNP,*,T,환경 미화원,*,*,*,*,*
고무분말,1786,3546,0,NNP,*,T,고무분말,*,*,*,*,*
고형연료,1786,3545,0,NNP,*,F,고형연료,*,*,*,*,*
연료,1786,3545,0,NNP,*,F,연료,*,*,*,*,*
고형연료제조,1786,3545,0,NNP,*,F,고형연료제조,*,*,*,*,*
연료제조,1786,3545,0,NNP,*,F,연료제조,*,*,*,*,*
도급업,1786,3546,0,NNP,*,T,도급업,*,*,*,*,*
수산식료품제조업,1786,3546,0,NNP,*,T,수산식료품제조업,*,*,*,*,*
수산,1786,3546,0,NNP,*,T,수산,*,*,*,*,*
수산식료품,1786,3546,0,NNP,*,T,수산식료품,*,*,*,*,*
수산식료품제조,1786,3545,0,NNP,*,F,수산식료품제조,*,*,*,*,*
어르신,1786,3546,0,NNP,*,T,어르신,*,*,*,*,*
돌봄,1786,3546,0,NNP,*,T,돌봄,*,*,*,*,*
센터,1786,3545,0,NNP,*,F,센터,*,*,*,*,*
돌봄 센터,1786,3545,0,NNP,*,F,돌봄 센터,*,*,*,*,*
돌봄센터,1786,3545,0,NNP,*,F,돌봄센터,*,*,*,*,*
어르신돌봄,1786,3546,0,NNP,*,T,어르신돌봄,*,*,*,*,*
쇄석기,1786,3545,0,NNP,*,F,쇄석기,*,*,*,*,*
가동,1786,3546,0,NNP,*,T,가동,*,*,*,*,*
골재,1786,3546,0,NNP,*,T,골재,*,*,*,*,*
생산,1786,3546,0,NNP,*,T,생산,*,*,*,*,*
생산업체,1786,3546,0,NNP,*,T,생산업체,*,*,*,*,*
골재생산,1786,3546,0,NNP,*,T,골재생산,*,*,*,*,*
쇄석기가동,1786,3546,0,NNP,*,T,쇄석기가동,*,*,*,*,*
쇄석기 가동,1786,3546,0,NNP,*,T,쇄석기 가동,*,*,*,*,*
샐러드,1786,3545,0,NNP,*,F,샐러드,*,*,*,*,*
제품가공,1786,3546,0,NNP,*,T,제품가공,*,*,*,*,*
제품생산,1786,3546,0,NNP,*,T,제품생산,*,*,*,*,*
합성수지제조업,1786,3546,0,NNP,*,T,합성수지제조업,*,*,*,*,*
합성수지,1786,3545,0,NNP,*,F,합성수지,*,*,*,*,*
수지,1786,3545,0,NNP,*,F,수지,*,*,*,*,*
수지제조업,1786,3546,0,NNP,*,T,수지제조업,*,*,*,*,*
산림사업,1786,3546,0,NNP,*,T,산림사업,*,*,*,*,*
산림,1786,3546,0,NNP,*,T,산림,*,*,*,*,*
목재가공,1786,3546,0,NNP,*,T,목재가공,*,*,*,*,*
농산물,1786,3546,0,NNP,*,T,농산물,*,*,*,*,*
유통화학섬유제조업,1786,3546,0,NNP,*,T,유통화학섬유제조업,*,*,*,*,*
화학섬유,1786,3545,0,NNP,*,F,화학섬유,*,*,*,*,*
섬유,1786,3545,0,NNP,*,F,섬유,*,*,*,*,*
섬유제조,1786,3545,0,NNP,*,F,섬유제조,*,*,*,*,*
섬유제조업,1786,3546,0,NNP,*,T,섬유제조업,*,*,*,*,*
화학섬유제조,1786,3545,0,NNP,*,F,화학섬유제조,*,*,*,*,*
쇄석,1786,3546,0,NNP,*,T,쇄석,*,*,*,*,*
채취,1786,3545,0,NNP,*,F,채취,*,*,*,*,*
원석,1786,3546,0,NNP,*,T,원석,*,*,*,*,*
발파,1786,3545,0,NNP,*,F,발파,*,*,*,*,*
쇄석골재,1786,3546,0,NNP,*,T,쇄석골재,*,*,*,*,*
의복,1786,3546,0,NNP,*,T,의복,*,*,*,*,*
장식품,1786,3546,0,NNP,*,T,장식품,*,*,*,*,*
화물운송업,1786,3546,0,NNP,*,T,화물운송업,*,*,*,*,*
운송,1786,3546,0,NNP,*,T,운송,*,*,*,*,*
운송업,1786,3546,0,NNP,*,T,운송업,*,*,*,*,*
코팅사업,1786,3546,0,NNP,*,T,코팅사업,*,*,*,*,*
코팅,1786,3546,0,NNP,*,T,코팅,*,*,*,*,*
과자류제조업,1786,3546,0,NNP,*,T,과자류제조업,*,*,*,*,*
건축기술,1786,3546,0,NNP,*,T,건축기술,*,*,*,*,*
엔지니어,1786,3545,0,NNP,*,F,엔지니어,*,*,*,*,*
엔지니어링,1786,3546,0,NNP,*,T,엔지니어링,*,*,*,*,*
생산품,1786,3546,0,NNP,*,T,생산품,*,*,*,*,*
기술,1786,3546,0,NNP,*,T,기술,*,*,*,*,*
모종,1786,3546,0,NNP,*,T,모종,*,*,*,*,*
재배,1786,3546,0,NNP,*,T,재배,*,*,*,*,*
사업장,1786,3546,0,NNP,*,T,사업장,*,*,*,*,*
석재,1786,3546,0,NNP,*,T,석재,*,*,*,*,*
석공품,1786,3546,0,NNP,*,T,석공품,*,*,*,*,*
석공품제조,1786,3545,0,NNP,*,F,석공품제조,*,*,*,*,*
석공품제조업,1786,3546,0,NNP,*,T,석공품제조업,*,*,*,*,*
기타전기기계제조업,1786,3546,0,NNP,*,T,기타전기기계제조업,*,*,*,*,*
선박블록,1786,3546,0,NNP,*,T,선박블록,*,*,*,*,*
선박,1786,3546,0,NNP,*,T,선박,*,*,*,*,*
농기계,1786,3545,0,NNP,*,F,농기계,*,*,*,*,*
농기계부품,1786,3546,0,NNP,*,T,농기계부품,*,*,*,*,*
일상생활용,1786,3546,0,NNP,*,T,일상생활용,*,*,*,*,*
생활용,1786,3546,0,NNP,*,T,생활용,*,*,*,*,*
전기기계기구,1786,3545,0,NNP,*,F,전기기계기구,*,*,*,*,*
기구제조업,1786,3546,0,NNP,*,T,기구제조업,*,*,*,*,*
기구제조,1786,3545,0,NNP,*,F,기구제조,*,*,*,*,*
전기기계기구제조업,1786,3546,0,NNP,*,T,전기기계기구제조업,*,*,*,*,*
시스템,1786,3546,0,NNP,*,T,시스템,*,*,*,*,*
소프트웨어,1786,3545,0,NNP,*,F,소프트웨어,*,*,*,*,*
개발,1786,3546,0,NNP,*,T,개발,*,*,*,*,*
공급,1786,3546,0,NNP,*,T,공급,*,*,*,*,*
공급업,1786,3546,0,NNP,*,T,공급업,*,*,*,*,*
공급원,1786,3546,0,NNP,*,T,공급원,*,*,*,*,*
골판지,1786,3545,0,NNP,*,F,골판지,*,*,*,*,*
종이,1786,3545,0,NNP,*,F,종이,*,*,*,*,*
종이용기,1786,3545,0,NNP,*,F,종이용기,*,*,*,*,*
종이용기제조,1786,3545,0,NNP,*,F,종이용기제조,*,*,*,*,*
용기제조,1786,3545,0,NNP,*,F,용기제조,*,*,*,*,*
용기제조업,1786,3546,0,NNP,*,T,용기제조업,*,*,*,*,*
종이용기제조업,1786,3546,0,NNP,*,T,종이용기제조업,*,*,*,*,*
특수학교,1786,3545,0,NNP,*,F,특수학교,*,*,*,*,*
전기공사업,1786,3546,0,NNP,*,T,전기공사업,*,*,*,*,*
전기공,1786,3546,0,NNP,*,T,전기공,*,*,*,*,*
위생및유사서비스업,1786,3546,0,NNP,*,T,위생및유사서비스업,*,*,*,*,*
전기기계기구제조,1786,3545,0,NNP,*,F,전기기계기구제조,*,*,*,*,*
도소매업,1786,3546,0,NNP,*,T,도소매업,*,*,*,*,*
도·소매,1786,3546,0,NNP,*,T,도·소매,*,*,*,*,*
도료,1786,3545,0,NNP,*,F,도료,*,*,*,*,*
도료제품,1786,3546,0,NNP,*,T,도료제품,*,*,*,*,*
유지가공,1786,3546,0,NNP,*,T,유지가공,*,*,*,*,*
유지가공제품,1786,3546,0,NNP,*,T,유지가공제품,*,*,*,*,*
교육서비스업,1786,3546,0,NNP,*,T,교육서비스업,*,*,*,*,*
교육,1786,3546,0,NNP,*,T,교육,*,*,*,*,*
컨베이어장치,1786,3545,0,NNP,*,F,컨베이어장치,*,*,*,*,*
수송용,1786,3546,0,NNP,*,T,수송용,*,*,*,*,*
수송,1786,3546,0,NNP,*,T,수송,*,*,*,*,*
기계기구,1786,3545,0,NNP,*,F,기계기구,*,*,*,*,*
기계기구제조,1786,3545,0,NNP,*,F,기계기구제조,*,*,*,*,*
기계기구제조업,1786,3546,0,NNP,*,T,기계기구제조업,*,*,*,*,*
기구,1786,3545,0,NNP,*,F,기구,*,*,*,*,*
재생용재료,1786,3545,0,NNP,*,F,재생용재료,*,*,*,*,*
재생용,1786,3546,0,NNP,*,T,재생용,*,*,*,*,*
재료,1786,3545,0,NNP,*,F,재료,*,*,*,*,*
판매업,1786,3546,0,NNP,*,T,판매업,*,*,*,*,*
운수부대서비스업,1786,3546,0,NNP,*,T,운수부대서비스업,*,*,*,*,*
운수부대,1786,3546,0,NNP,*,T,운수부대,*,*,*,*,*
운수부대서비스,1786,3545,0,NNP,*,F,운수부대서비스,*,*,*,*,*
음료제조업,1786,3546,0,NNP,*,T,음료제조업,*,*,*,*,*
음료,1786,3545,0,NNP,*,F,음료,*,*,*,*,*
음료제조,1786,3545,0,NNP,*,F,음료제조,*,*,*,*,*
건물등의종합관리사업,1786,3546,0,NNP,*,T,건물등의종합관리사업,*,*,*,*,*
특수산업용,1786,3546,0,NNP,*,T,특수산업용,*,*,*,*,*
특수산업,1786,3546,0,NNP,*,T,특수산업,*,*,*,*,*
유지가공제품제조,1786,3545,0,NNP,*,F,유지가공제품제조,*,*,*,*,*
가공제품제조,1786,3545,0,NNP,*,F,가공제품제조,*,*,*,*,*
유지가공제품제조업,1786,3546,0,NNP,*,T,유지가공제품제조업,*,*,*,*,*
금속탱크,1786,3545,0,NNP,*,F,금속탱크,*,*,*,*,*
저장용기,1786,3545,0,NNP,*,F,저장용기,*,*,*,*,*
저장,1786,3546,0,NNP,*,T,저장,*,*,*,*,*
탱크,1786,3545,0,NNP,*,F,탱크,*,*,*,*,*
양철판,1786,3546,0,NNP,*,T,양철판,*,*,*,*,*
도금판제품,1786,3546,0,NNP,*,T,도금판제품,*,*,*,*,*
도금판,1786,3546,0,NNP,*,T,도금판,*,*,*,*,*
도금판제품제조,1786,3545,0,NNP,*,F,도금판제품제조,*,*,*,*,*
도금판제품제조업,1786,3546,0,NNP,*,T,도금판제품제조업,*,*,*,*,*
수산동물,1786,3546,0,NNP,*,T,수산동물,*,*,*,*,*
건조,1786,3545,0,NNP,*,F,건조,*,*,*,*,*
염장품,1786,3546,0,NNP,*,T,염장품,*,*,*,*,*
공사업,1786,3546,0,NNP,*,T,공사업,*,*,*,*,*
일반전기,1786,3545,0,NNP,*,F,일반전기,*,*,*,*,*
강주물,1786,3546,0,NNP,*,T,강주물,*,*,*,*,*
주조업,1786,3546,0,NNP,*,T,주조업,*,*,*,*,*
주물,1786,3546,0,NNP,*,T,주물,*,*,*,*,*
개인,1786,3546,0,NNP,*,T,개인,*,*,*,*,*
가사서비스,1786,3545,0,NNP,*,F,가사서비스,*,*,*,*,*
가사,1786,3545,0,NNP,*,F,가사,*,*,*,*,*
가사서비스업,1786,3546,0,NNP,*,T,가사서비스업,*,*,*,*,*
아파트,1786,3545,0,NNP,*,F,아파트,*,*,*,*,*
퀵서비스업,1786,3546,0,NNP,*,T,퀵서비스업,*,*,*,*,*
퀵,1786,3546,0,NNP,*,T,퀵,*,*,*,*,*
항만,1786,3546,0,NNP,*,T,항만,*,*,*,*,*
육상하역,1786,3546,0,NNP,*,T,육상하역,*,*,*,*,*
하역업,1786,3546,0,NNP,*,T,하역업,*,*,*,*,*
육상하역업,1786,3546,0,NNP,*,T,육상하역업,*,*,*,*,*
항만내,1786,3546,0,NNP,*,T,항만내,*,*,*,*,*
배관공사용,1786,3546,0,NNP,*,T,배관공사용,*,*,*,*,*
배관공,1786,3546,0,NNP,*,T,배관공,*,*,*,*,*
배관,1786,3546,0,NNP,*,T,배관,*,*,*,*,*
배관공사,1786,3545,0,NNP,*,F,배관공사,*,*,*,*,*
도정,1786,3546,0,NNP,*,T,도정,*,*,*,*,*
제분,1786,3546,0,NNP,*,T,제분,*,*,*,*,*
제분업,1786,3546,0,NNP,*,T,제분업,*,*,*,*,*
골프장,1786,3546,0,NNP,*,T,골프장,*,*,*,*,*
경마장,1786,3546,0,NNP,*,T,경마장,*,*,*,*,*
운영업,1786,3546,0,NNP,*,T,운영업,*,*,*,*,*
운영,1786,3546,0,NNP,*,T,운영,*,*,*,*,*
경마장운영업,1786,3546,0,NNP,*,T,경마장운영업,*,*,*,*,*
철강제조업,1786,3546,0,NNP,*,T,철강제조업,*,*,*,*,*
철강,1786,3546,0,NNP,*,T,철강,*,*,*,*,*
철강제조,1786,3545,0,NNP,*,F,철강제조,*,*,*,*,*
파스너,1786,3545,0,NNP,*,F,파스너,*,*,*,*,*
포류 및 기타피혁제품제조업,1786,3546,0,NNP,*,T,포류 및 기타피혁제품제조업,*,*,*,*,*
포류,1786,3545,0,NNP,*,F,포류,*,*,*,*,*
피혁제품,1786,3546,0,NNP,*,T,피혁제품,*,*,*,*,*
피혁제품제조,1786,3545,0,NNP,*,F,피혁제품제조,*,*,*,*,*
피혁,1786,3546,0,NNP,*,T,피혁,*,*,*,*,*
피혁제품제조업,1786,3546,0,NNP,*,T,피혁제품제조업,*,*,*,*,*
인쇄회로기판,1786,3546,0,NNP,*,T,인쇄회로기판,*,*,*,*,*
미장공,1786,3546,0,NNP,*,T,미장공,*,*,*,*,*
전자부품,1786,3546,0,NNP,*,T,전자부품,*,*,*,*,*
전자,1786,3545,0,NNP,*,F,전자,*,*,*,*,*
인쇄업,1786,3546,0,NNP,*,T,인쇄업,*,*,*,*,*
오락,1786,3546,0,NNP,*,T,오락,*,*,*,*,*
유리제품제조업,1786,3546,0,NNP,*,T,유리제품제조업,*,*,*,*,*
유리제품,1786,3546,0,NNP,*,T,유리제품,*,*,*,*,*
유리,1786,3545,0,NNP,*,F,유리,*,*,*,*,*
유리제품제조,1786,3545,0,NNP,*,F,유리제품제조,*,*,*,*,*
운송서비스,1786,3545,0,NNP,*,F,운송서비스,*,*,*,*,*
유제품제조업,1786,3546,0,NNP,*,T,유제품제조업,*,*,*,*,*
유제품제조,1786,3545,0,NNP,*,F,유제품제조,*,*,*,*,*
시내버스,1786,3545,0,NNP,*,F,시내버스,*,*,*,*,*
유리제품가공업,1786,3546,0,NNP,*,T,유리제품가공업,*,*,*,*,*
유리제품가공,1786,3546,0,NNP,*,T,유리제품가공,*,*,*,*,*
일반전기공사업,1786,3546,0,NNP,*,T,일반전기공사업,*,*,*,*,*
옥외광고,1786,3545,0,NNP,*,F,옥외광고,*,*,*,*,*
광고,1786,3545,0,NNP,*,F,광고,*,*,*,*,*
금속재료품,1786,3546,0,NNP,*,T,금속재료품,*,*,*,*,*
금속재료품제조,1786,3545,0,NNP,*,F,금속재료품제조,*,*,*,*,*
금속재료,1786,3545,0,NNP,*,F,금속재료,*,*,*,*,*
금속재료품제조업,1786,3546,0,NNP,*,T,금속재료품제조업,*,*,*,*,*
각종금속,1786,3546,0,NNP,*,T,각종금속,*,*,*,*,*
용접,1786,3546,0,NNP,*,T,용접,*,*,*,*,*
용단,1786,3546,0,NNP,*,T,용단,*,*,*,*,*
절단,1786,3546,0,NNP,*,T,절단,*,*,*,*,*
소비자용품판매업,1786,3546,0,NNP,*,T,소비자용품판매업,*,*,*,*,*
금속스프링,1786,3546,0,NNP,*,T,금속스프링,*,*,*,*,*
스프링,1786,3546,0,NNP,*,T,스프링,*,*,*,*,*
업체,1786,3546,0,NNP,*,T,업체,*,*,*,*,*
농업서비스업,1786,3546,0,NNP,*,T,농업서비스업,*,*,*,*,*
농업,1786,3546,0,NNP,*,T,농업,*,*,*,*,*
농업서비스,1786,3545,0,NNP,*,F,농업서비스,*,*,*,*,*
목재창고,1786,3545,0,NNP,*,F,목재창고,*,*,*,*,*
제빙업,1786,3546,0,NNP,*,T,제빙업,*,*,*,*,*
제빙,1786,3546,0,NNP,*,T,제빙,*,*,*,*,*
창고업,1786,3546,0,NNP,*,T,창고업,*,*,*,*,*
창고,1786,3545,0,NNP,*,F,창고,*,*,*,*,*
목제품,1786,3546,0,NNP,*,T,목제품,*,*,*,*,*
목제품제조,1786,3545,0,NNP,*,F,목제품제조,*,*,*,*,*
목제품제조업,1786,3546,0,NNP,*,T,목제품제조업,*,*,*,*,*
복지시설운영업,1786,3546,0,NNP,*,T,복지시설운영업,*,*,*,*,*
복지,1786,3545,0,NNP,*,F,복지,*,*,*,*,*
복지시설,1786,3546,0,NNP,*,T,복지시설,*,*,*,*,*
복지시설운영,1786,3546,0,NNP,*,T,복지시설운영,*,*,*,*,*
시설운영,1786,3546,0,NNP,*,T,시설운영,*,*,*,*,*
시설운영업,1786,3546,0,NNP,*,T,시설운영업,*,*,*,*,*
제염업,1786,3546,0,NNP,*,T,제염업,*,*,*,*,*
임대업,1786,3546,0,NNP,*,T,임대업,*,*,*,*,*
임대,1786,3546,0,NNP,*,T,임대,*,*,*,*,*
사업서비스,1786,3545,0,NNP,*,F,사업서비스,*,*,*,*,*
토목시설물,1786,3546,0,NNP,*,T,토목시설물,*,*,*,*,*
토목시설,1786,3546,0,NNP,*,T,토목시설,*,*,*,*,*
토목,1786,3546,0,NNP,*,T,토목,*,*,*,*,*
부동산,1786,3546,0,NNP,*,T,부동산,*,*,*,*,*
부동산개발,1786,3546,0,NNP,*,T,부동산개발,*,*,*,*,*
종합건설업,1786,3546,0,NNP,*,T,종합건설업,*,*,*,*,*
양식기,1786,3545,0,NNP,*,F,양식기,*,*,*,*,*
칼,1786,3546,0,NNP,*,T,칼,*,*,*,*,*
수공구,1786,3545,0,NNP,*,F,수공구,*,*,*,*,*
공구,1786,3545,0,NNP,*,F,공구,*,*,*,*,*
식기,1786,3545,0,NNP,*,F,식기,*,*,*,*,*
금물제조업,1786,3546,0,NNP,*,T,금물제조업,*,*,*,*,*
금물제조,1786,3545,0,NNP,*,F,금물제조,*,*,*,*,*
금물,1786,3546,0,NNP,*,T,금물,*,*,*,*,*
철도차량제조,1786,3545,0,NNP,*,F,철도차량제조,*,*,*,*,*
철도,1786,3545,0,NNP,*,F,철도,*,*,*,*,*
차량,1786,3546,0,NNP,*,T,차량,*,*,*,*,*
철도차량,1786,3546,0,NNP,*,T,철도차량,*,*,*,*,*
철도.궤도운수업,1786,3546,0,NNP,*,T,철도.궤도운수업,*,*,*,*,*
철도궤도운수업,1786,3546,0,NNP,*,T,철도궤도운수업,*,*,*,*,*
통신판매업,1786,3546,0,NNP,*,T,통신판매업,*,*,*,*,*
통신판매,1786,3546,0,NNP,*,T,통신판매,*,*,*,*,*
통신,1786,3546,0,NNP,*,T,통신,*,*,*,*,*
정보,1786,3545,0,NNP,*,F,정보,*,*,*,*,*
제재업,1786,3546,0,NNP,*,T,제재업,*,*,*,*,*
제재,1786,3546,0,NNP,*,T,제재,*,*,*,*,*
영상,1786,3546,0,NNP,*,T,영상,*,*,*,*,*
비철금속주물제조업,1786,3546,0,NNP,*,T,비철금속주물제조업,*,*,*,*,*
비철금속,1786,3546,0,NNP,*,T,비철금속,*,*,*,*,*
비철금속주물,1786,3546,0,NNP,*,T,비철금속주물,*,*,*,*,*
비철금속주물제조,1786,3545,0,NNP,*,F,비철금속주물제조,*,*,*,*,*
철금속,1786,3546,0,NNP,*,T,철금속,*,*,*,*,*
비철금속주조업,1786,3546,0,NNP,*,T,비철금속주조업,*,*,*,*,*
산업생산시설,1786,3546,0,NNP,*,T,산업생산시설,*,*,*,*,*
산업,1786,3546,0,NNP,*,T,산업,*,*,*,*,*
생산시설,1786,3546,0,NNP,*,T,생산시설,*,*,*,*,*
화장터,1786,3545,0,NNP,*,F,화장터,*,*,*,*,*
묘지,1786,3545,0,NNP,*,F,묘지,*,*,*,*,*
분양,1786,3546,0,NNP,*,T,분양,*,*,*,*,*
관리업,1786,3546,0,NNP,*,T,관리업,*,*,*,*,*
용융도금업,1786,3546,0,NNP,*,T,용융도금업,*,*,*,*,*
용융,1786,3546,0,NNP,*,T,용융,*,*,*,*,*
주거용,1786,3546,0,NNP,*,T,주거용,*,*,*,*,*
전기용,1786,3546,0,NNP,*,T,전기용,*,*,*,*,*
기계장비,1786,3545,0,NNP,*,F,기계장비,*,*,*,*,*
기자재,1786,3546,0,NNP,*,T,기자재,*,*,*,*,*
퀵서비스배달업,1786,3546,0,NNP,*,T,퀵서비스배달업,*,*,*,*,*
배달,1786,3546,0,NNP,*,T,배달,*,*,*,*,*
배달업,1786,3546,0,NNP,*,T,배달업,*,*,*,*,*
퀵서비스,1786,3545,0,NNP,*,F,퀵서비스,*,*,*,*,*
섬유제품,1786,3546,0,NNP,*,T,섬유제품,*,*,*,*,*
섬유제품제조,1786,3545,0,NNP,*,F,섬유제품제조,*,*,*,*,*
섬유제품제조업,1786,3546,0,NNP,*,T,섬유제품제조업,*,*,*,*,*
소화기,1786,3545,0,NNP,*,F,소화기,*,*,*,*,*
분사기,1786,3545,0,NNP,*,F,분사기,*,*,*,*,*
가스업,1786,3546,0,NNP,*,T,가스업,*,*,*,*,*
가스,1786,3545,0,NNP,*,F,가스,*,*,*,*,*
가공육,1786,3546,0,NNP,*,T,가공육,*,*,*,*,*
납품업,1786,3546,0,NNP,*,T,납품업,*,*,*,*,*
사회복지업,1786,3546,0,NNP,*,T,사회복지업,*,*,*,*,*
장례식장,1786,3546,0,NNP,*,T,장례식장,*,*,*,*,*
장의관련,1786,3546,0,NNP,*,T,장의관련,*,*,*,*,*
장의,1786,3545,0,NNP,*,F,장의,*,*,*,*,*
각급사무소,1786,3545,0,NNP,*,F,각급사무소,*,*,*,*,*
사무소,1786,3545,0,NNP,*,F,사무소,*,*,*,*,*
기타화학제품제조업,1786,3546,0,NNP,*,T,기타화학제품제조업,*,*,*,*,*
화학,1786,3546,0,NNP,*,T,화학,*,*,*,*,*
화학제품,1786,3546,0,NNP,*,T,화학제품,*,*,*,*,*
화학제품제조,1786,3545,0,NNP,*,F,화학제품제조,*,*,*,*,*
화학제품제조업,1786,3546,0,NNP,*,T,화학제품제조업,*,*,*,*,*
자동차부품제조업,1786,3546,0,NNP,*,T,자동차부품제조업,*,*,*,*,*
자동차부품제조,1786,3545,0,NNP,*,F,자동차부품제조,*,*,*,*,*
건축건설업,1786,3546,0,NNP,*,T,건축건설업,*,*,*,*,*
플라스틱가공품제조업,1786,3546,0,NNP,*,T,플라스틱가공품제조업,*,*,*,*,*
플라스틱가공품제조,1786,3545,0,NNP,*,F,플라스틱가공품제조,*,*,*,*,*
플라스틱가공품,1786,3546,0,NNP,*,T,플라스틱가공품,*,*,*,*,*
가공품제조업,1786,3546,0,NNP,*,T,가공품제조업,*,*,*,*,*
가공품제조,1786,3545,0,NNP,*,F,가공품제조,*,*,*,*,*
가공품,1786,3546,0,NNP,*,T,가공품,*,*,*,*,*
육제품제조업,1786,3546,0,NNP,*,T,육제품제조업,*,*,*,*,*
육제품제조,1786,3545,0,NNP,*,F,육제품제조,*,*,*,*,*
고기전문점,1786,3546,0,NNP,*,T,고기전문점,*,*,*,*,*
전문점,1786,3546,0,NNP,*,T,전문점,*,*,*,*,*
미화서비스,1786,3545,0,NNP,*,F,미화서비스,*,*,*,*,*
미화,1786,3545,0,NNP,*,F,미화,*,*,*,*,*
이화학기계기구제조업,1786,3546,0,NNP,*,T,이화학기계기구제조업,*,*,*,*,*
이화학기계,1786,3545,0,NNP,*,F,이화학기계,*,*,*,*,*
이화학,1786,3546,0,NNP,*,T,이화학,*,*,*,*,*
이화학기계기구,1786,3545,0,NNP,*,F,이화학기계기구,*,*,*,*,*
이화학기계기구제조,1786,3545,0,NNP,*,F,이화학기계기구제조,*,*,*,*,*
가공식품,1786,3546,0,NNP,*,T,가공식품,*,*,*,*,*
건설구조,1786,3545,0,NNP,*,F,건설구조,*,*,*,*,*
건설구조관련,1786,3546,0,NNP,*,T,건설구조관련,*,*,*,*,*
전자상거래,1786,3546,0,NNP,*,T,전자상거래,*,*,*,*,*
비철금속주물 제조업,1786,3546,0,NNP,*,T,비철금속주물 제조업,*,*,*,*,*
금형제조업,1786,3546,0,NNP,*,T,금형제조업,*,*,*,*,*
금형제조,1786,3545,0,NNP,*,F,금형제조,*,*,*,*,*
금형,1786,3546,0,NNP,*,T,금형,*,*,*,*,*
기타수송용기계기구제조업,1786,3546,0,NNP,*,T,기타수송용기계기구제조업,*,*,*,*,*
수송용기계기구제조업,1786,3546,0,NNP,*,T,수송용기계기구제조업,*,*,*,*,*
수송용기계기구,1786,3545,0,NNP,*,F,수송용기계기구,*,*,*,*,*
수송용기계기구제조,1786,3545,0,NNP,*,F,수송용기계기구제조,*,*,*,*,*
수송용기계,1786,3545,0,NNP,*,F,수송용기계,*,*,*,*,*
공작기계,1786,3545,0,NNP,*,F,공작기계,*,*,*,*,*
공작,1786,3546,0,NNP,*,T,공작,*,*,*,*,*
항만운송부대사업,1786,3546,0,NNP,*,T,항만운송부대사업,*,*,*,*,*
항만운송부대,1786,3546,0,NNP,*,T,항만운송부대,*,*,*,*,*
운송부대,1786,3546,0,NNP,*,T,운송부대,*,*,*,*,*
항만운송,1786,3546,0,NNP,*,T,항만운송,*,*,*,*,*
인쇄잉크,1786,3545,0,NNP,*,F,인쇄잉크,*,*,*,*,*
회화용,1786,3546,0,NNP,*,T,회화용,*,*,*,*,*
물감,1786,3546,0,NNP,*,T,물감,*,*,*,*,*
금속류,1786,3545,0,NNP,*,F,금속류,*,*,*,*,*
재생업,1786,3546,0,NNP,*,T,재생업,*,*,*,*,*
피자,1786,3545,0,NNP,*,F,피자,*,*,*,*,*
햄버거,1786,3545,0,NNP,*,F,햄버거,*,*,*,*,*
샌드위치,1786,3545,0,NNP,*,F,샌드위치,*,*,*,*,*
음식점업,1786,3546,0,NNP,*,T,음식점업,*,*,*,*,*
김밥,1786,3546,0,NNP,*,T,김밥,*,*,*,*,*
중국 음식점업,1786,3546,0,NNP,*,T,중국 음식점업,*,*,*,*,*
간이 음식점업,1786,3546,0,NNP,*,T,간이 음식점업,*,*,*,*,*
음식업,1786,3546,0,NNP,*,T,음식업,*,*,*,*,*
음식서비스업,1786,3546,0,NNP,*,T,음식서비스업,*,*,*,*,*
음식서비스,1786,3545,0,NNP,*,F,음식서비스,*,*,*,*,*
택배업,1786,3546,0,NNP,*,T,택배업,*,*,*,*,*
목상자,1786,3545,0,NNP,*,F,목상자,*,*,*,*,*
목통류,1786,3545,0,NNP,*,F,목통류,*,*,*,*,*
목용기제조업,1786,3546,0,NNP,*,T,목용기제조업,*,*,*,*,*
목용기,1786,3545,0,NNP,*,F,목용기,*,*,*,*,*
목용기제조,1786,3545,0,NNP,*,F,목용기제조,*,*,*,*,*
항공운수지원서비스업,1786,3546,0,NNP,*,T,항공운수지원서비스업,*,*,*,*,*
항공,1786,3546,0,NNP,*,T,항공,*,*,*,*,*
항공운수,1786,3545,0,NNP,*,F,항공운수,*,*,*,*,*
항공운수지원,1786,3546,0,NNP,*,T,항공운수지원,*,*,*,*,*
항공운수지원서비스,1786,3545,0,NNP,*,F,항공운수지원서비스,*,*,*,*,*
산업용트럭,1786,3546,0,NNP,*,T,산업용트럭,*,*,*,*,*
트럭,1786,3546,0,NNP,*,T,트럭,*,*,*,*,*
적재기,1786,3545,0,NNP,*,F,적재기,*,*,*,*,*
적재,1786,3546,0,NNP,*,T,적재,*,*,*,*,*
의약부외품,1786,3546,0,NNP,*,T,의약부외품,*,*,*,*,*
지방자치단체의사업,1786,3546,0,NNP,*,T,지방자치단체의사업,*,*,*,*,*
건설기계관리사업,1786,3546,0,NNP,*,T,건설기계관리사업,*,*,*,*,*
건설기계관리,1786,3545,0,NNP,*,F,건설기계관리,*,*,*,*,*
기계관리,1786,3545,0,NNP,*,F,기계관리,*,*,*,*,*
기계관리사업,1786,3546,0,NNP,*,T,기계관리사업,*,*,*,*,*
기타비가공식품도매업,1786,3546,0,NNP,*,T,기타비가공식품도매업,*,*,*,*,*
비가공,1786,3546,0,NNP,*,T,비가공,*,*,*,*,*
비가공식품,1786,3546,0,NNP,*,T,비가공식품,*,*,*,*,*
비가공식품도매업,1786,3546,0,NNP,*,T,비가공식품도매업,*,*,*,*,*
비가공식품도매,1786,3546,0,NNP,*,T,비가공식품도매,*,*,*,*,*
비가공식품소매업,1786,3546,0,NNP,*,T,비가공식품소매업,*,*,*,*,*
비가공식품소매,1786,3546,0,NNP,*,T,비가공식품소매,*,*,*,*,*
음식점,1786,3546,0,NNP,*,T,음식점,*,*,*,*,*
비금속류,1786,3545,0,NNP,*,F,비금속류,*,*,*,*,*
섬유판제조업,1786,3546,0,NNP,*,T,섬유판제조업,*,*,*,*,*
섬유판제조,1786,3545,0,NNP,*,F,섬유판제조,*,*,*,*,*
섬유판,1786,3546,0,NNP,*,T,섬유판,*,*,*,*,*
제본,1786,3546,0,NNP,*,T,제본,*,*,*,*,*
인쇄물가공업,1786,3546,0,NNP,*,T,인쇄물가공업,*,*,*,*,*
처리업,1786,3546,0,NNP,*,T,처리업,*,*,*,*,*
처리,1786,3545,0,NNP,*,F,처리,*,*,*,*,*
자동차정비,1786,3545,0,NNP,*,F,자동차정비,*,*,*,*,*
정비,1786,3545,0,NNP,*,F,정비,*,*,*,*,*
종합관리업,1786,3546,0,NNP,*,T,종합관리업,*,*,*,*,*
바닥매트,1786,3545,0,NNP,*,F,바닥매트,*,*,*,*,*
바닥매트제작,1786,3546,0,NNP,*,T,바닥매트제작,*,*,*,*,*
인테리어,1786,3545,0,NNP,*,F,인테리어,*,*,*,*,*
인테리어공사,1786,3545,0,NNP,*,F,인테리어공사,*,*,*,*,*
기타보관업,1786,3546,0,NNP,*,T,기타보관업,*,*,*,*,*
보관업,1786,3546,0,NNP,*,T,보관업,*,*,*,*,*
경비용역업,1786,3546,0,NNP,*,T,경비용역업,*,*,*,*,*
경비용역,1786,3546,0,NNP,*,T,경비용역,*,*,*,*,*
용역업,1786,3546,0,NNP,*,T,용역업,*,*,*,*,*
용역,1786,3546,0,NNP,*,T,용역,*,*,*,*,*
간판,1786,3546,0,NNP,*,T,간판,*,*,*,*,*
광고물,1786,3546,0,NNP,*,T, 광고물,*,*,*,*,*
침,1786,3546,0,NNP,*,T,침,*,*,*,*,*
단추,1786,3545,0,NNP,*,F,단추,*,*,*,*,*
특수화물운수업,1786,3546,0,NNP,*,T,특수화물운수업,*,*,*,*,*
특수화물,1786,3546,0,NNP,*,T,특수화물,*,*,*,*,*
특수화물운수,1786,3545,0,NNP,*,F,특수화물운수,*,*,*,*,*
금속원료재생업,1786,3546,0,NNP,*,T,금속원료재생업,*,*,*,*,*
금속원료재생,1786,3546,0,NNP,*,T,금속원료재생,*,*,*,*,*
금속원료,1786,3545,0,NNP,*,F,금속원료,*,*,*,*,*
연구,1786,3545,0,NNP,*,F,연구,*,*,*,*,*
개발사업,1786,3546,0,NNP,*,T,개발사업,*,*,*,*,*
액체펌프,1786,3545,0,NNP,*,F,액체펌프,*,*,*,*,*
한식업,1786,3546,0,NNP,*,T,한식업,*,*,*,*,*
갈비,1786,3545,0,NNP,*,F,갈비,*,*,*,*,*
유제품가공업,1786,3546,0,NNP,*,T,유제품가공업,*,*,*,*,*
유제품가공,1786,3546,0,NNP,*,T,유제품가공,*,*,*,*,*
의약,1786,3546,0,NNP,*,T,의약,*,*,*,*,*
셔츠,1786,3545,0,NNP,*,F,셔츠,*,*,*,*,*
일반산업용기계장치제조업,1786,3546,0,NNP,*,T,일반산업용기계장치제조업,*,*,*,*,*
일반산업용기계장치제조,1786,3545,0,NNP,*,F,일반산업용기계장치제조,*,*,*,*,*
일반산업용기계장치,1786,3545,0,NNP,*,F,일반산업용기계장치,*,*,*,*,*
일반산업용기계,1786,3545,0,NNP,*,F,일반산업용기계,*,*,*,*,*
산업용기계,1786,3545,0,NNP,*,F,산업용기계,*,*,*,*,*
산업용기계장치,1786,3545,0,NNP,*,F,산업용기계장치,*,*,*,*,*
산업용기계장치제조,1786,3545,0,NNP,*,F,산업용기계장치제조,*,*,*,*,*
산업용기계장치제조업,1786,3546,0,NNP,*,T,산업용기계장치제조업,*,*,*,*,*
육류,1786,3545,0,NNP,*,F,육류,*,*,*,*,*
고기요리,1786,3545,0,NNP,*,F,고기요리,*,*,*,*,*
고기,1786,3545,0,NNP,*,F,고기,*,*,*,*,*
한식,1786,3546,0,NNP,*,T,한식,*,*,*,*,*
일식,1786,3546,0,NNP,*,T,일식,*,*,*,*,*
식자재,1786,3546,0,NNP,*,T,식자재,*,*,*,*,*
보험,1786,3546,0,NNP,*,T,보험,*,*,*,*,*
사회복지사,1786,3545,0,NNP,*,F,사회복지사,*,*,*,*,*
연금업,1786,3546,0,NNP,*,T,연금업,*,*,*,*,*
시설관리,1786,3545,0,NNP,*,F,시설관리,*,*,*,*,*
정보처리,1786,3545,0,NNP,*,F,정보처리,*,*,*,*,*
컴퓨터,1786,3545,0,NNP,*,F,컴퓨터,*,*,*,*,*
컴퓨터운용,1786,3546,0,NNP,*,T,컴퓨터운용,*,*,*,*,*
컴퓨터운용관련사업,1786,3546,0,NNP,*,T,컴퓨터운용관련사업,*,*,*,*,*
기타컴퓨터운용관련사업,1786,3546,0,NNP,*,T,기타컴퓨터운용관련사업,*,*,*,*,*
운용,1786,3546,0,NNP,*,T,운용,*,*,*,*,*
운용관련,1786,3546,0,NNP,*,T,운용관련,*,*,*,*,*
운용관련사업,1786,3546,0,NNP,*,T,운용관련사업,*,*,*,*,*
소비자용,1786,3546,0,NNP,*,T,소비자용,*,*,*,*,*
외식업,1786,3546,0,NNP,*,T,외식업,*,*,*,*,*
휴대폰,1786,3546,0,NNP,*,T,휴대폰,*,*,*,*,*
청소,1786,3545,0,NNP,*,F,청소,*,*,*,*,*
파견,1786,3546,0,NNP,*,T,파견,*,*,*,*,*
육제품가공,1786,3546,0,NNP,*,T,육제품가공,*,*,*,*,*
육류가공,1786,3546,0,NNP,*,T,육류가공,*,*,*,*,*
항공운수부대서비스업,1786,3546,0,NNP,*,T,항공운수부대서비스업,*,*,*,*,*
항공운수부대서비스,1786,3545,0,NNP,*,F,항공운수부대서비스,*,*,*,*,*
항공운수부대,1786,3546,0,NNP,*,T,항공운수부대,*,*,*,*,*
시멘트,1786,3545,0,NNP,*,F,시멘트,*,*,*,*,*
시멘트제품,1786,3546,0,NNP,*,T,시멘트제품,*,*,*,*,*
인터넷,1786,3546,0,NNP,*,T,인터넷,*,*,*,*,*
의류쇼핑몰,1786,3546,0,NNP,*,T,의류쇼핑몰,*,*,*,*,*
쇼핑몰,1786,3546,0,NNP,*,T,쇼핑몰,*,*,*,*,*
자동분석공급장치,1786,3545,0,NNP,*,F,자동분석공급장치,*,*,*,*,*
공급장치,1786,3545,0,NNP,*,F,공급장치,*,*,*,*,*
분석공급장치,1786,3545,0,NNP,*,F,분석공급장치,*,*,*,*,*
약품,1786,3546,0,NNP,*,T,약품,*,*,*,*,*
위탁,1786,3546,0,NNP,*,T,위탁,*,*,*,*,*
물품,1786,3546,0,NNP,*,T,물품,*,*,*,*,*
운반,1786,3546,0,NNP,*,T,운반,*,*,*,*,*
하역,1786,3546,0,NNP,*,T,하역,*,*,*,*,*
화장품,1786,3546,0,NNP,*,T,화장품,*,*,*,*,*
향료제조업,1786,3546,0,NNP,*,T,향료제조업,*,*,*,*,*
향료,1786,3545,0,NNP,*,F,향료,*,*,*,*,*
기타금속제조업,1786,3546,0,NNP,*,T,기타금속제조업,*,*,*,*,*
금속제조업,1786,3546,0,NNP,*,T,금속제조업,*,*,*,*,*
금속제조,1786,3545,0,NNP,*,F,금속제조,*,*,*,*,*
차체,1786,3546,0,NNP,*,T,차체,*,*,*,*,*
특장차,1786,3545,0,NNP,*,F,특장차,*,*,*,*,*
구조관파이프,1786,3545,0,NNP,*,F,구조관파이프,*,*,*,*,*
강관,1786,3546,0,NNP,*,T,강관,*,*,*,*,*
절임식료품제조,1786,3545,0,NNP,*,F,절임식료품제조,*,*,*,*,*
의료기계기구제조업,1786,3546,0,NNP,*,T,의료기계기구제조업,*,*,*,*,*
의료기계기구제조,1786,3545,0,NNP,*,F,의료기계기구제조,*,*,*,*,*
의료기계기구,1786,3545,0,NNP,*,F,의료기계기구,*,*,*,*,*
원동기제조업,1786,3546,0,NNP,*,T,원동기제조업,*,*,*,*,*
원동기,1786,3545,0,NNP,*,F,원동기,*,*,*,*,*
원동기제조,1786,3545,0,NNP,*,F,원동기제조,*,*,*,*,*
지방행정집행기관,1786,3546,0,NNP,*,T,지방행정집행기관,*,*,*,*,*
지방행정집행,1786,3546,0,NNP,*,T,지방행정집행,*,*,*,*,*
지방행정,1786,3546,0,NNP,*,T,지방행정,*,*,*,*,*
직물업,1786,3546,0,NNP,*,T,직물업,*,*,*,*,*
직물,1786,3546,0,NNP,*,T,직물,*,*,*,*,*
통신기계기구,1786,3545,0,NNP,*,F,통신기계기구,*,*,*,*,*
통신기계,1786,3545,0,NNP,*,F,통신기계,*,*,*,*,*
음식및숙박업,1786,3546,0,NNP,*,T,음식및숙박업,*,*,*,*,*
유아,1786,3545,0,NNP,*,F,유아,*,*,*,*,*
교육기관,1786,3546,0,NNP,*,T,교육기관,*,*,*,*,*
어린이집,1786,3546,0,NNP,*,T,어린이집,*,*,*,*,*
건설업본사,1786,3545,0,NNP,*,F,건설업본사,*,*,*,*,*
과학기술서비스업,1786,3546,0,NNP,*,T,과학기술서비스업,*,*,*,*,*
과학기술서비스,1786,3545,0,NNP,*,F,과학기술서비스,*,*,*,*,*
과학기술,1786,3546,0,NNP,*,T,과학기술,*,*,*,*,*
과학,1786,3546,0,NNP,*,T,과학,*,*,*,*,*
유사서비스원,1786,3546,0,NNP,*,T,유사서비스원,*,*,*,*,*
전각항에 해당하지 않는 사업,1786,3546,0,NNP,*,T,전각항에 해당하지 않는 사업,*,*,*,*,*
기타금속제품제조업,1786,3546,0,NNP,*,T,기타금속제품제조업,*,*,*,*,*
기타금속제품제조,1786,3545,0,NNP,*,F,기타금속제품제조,*,*,*,*,*
기타금속제품,1786,3546,0,NNP,*,T,기타금속제품,*,*,*,*,*
기타금속,1786,3546,0,NNP,*,T,기타금속,*,*,*,*,*
연구및개발사업,1786,3546,0,NNP,*,T,연구및개발사업,*,*,*,*,*
기타산업용,1786,3546,0,NNP,*,T,기타산업용,*,*,*,*,*
육가공,1786,3546,0,NNP,*,T,육가공,*,*,*,*,*
피부미용업,1786,3546,0,NNP,*,T,피부미용업,*,*,*,*,*
피부미용,1786,3546,0,NNP,*,T,피부미용,*,*,*,*,*
전기공사,1786,3545,0,NNP,*,F,전기공사,*,*,*,*,*
정보통신공사,1786,3545,0,NNP,*,F,정보통신공사,*,*,*,*,*
전문소방시설공사,1786,3545,0,NNP,*,F,전문소방시설공사,*,*,*,*,*
정보통신,1786,3546,0,NNP,*,T,정보통신,*,*,*,*,*
전문소방시설,1786,3546,0,NNP,*,T,전문소방시설,*,*,*,*,*
전문소방,1786,3546,0,NNP,*,T,전문소방,*,*,*,*,*
소방,1786,3546,0,NNP,*,T,소방,*,*,*,*,*
통신업,1786,3546,0,NNP,*,T,통신업,*,*,*,*,*
서비스관련,1786,3546,0,NNP,*,T,서비스관련,*,*,*,*,*
단수,1786,3545,0,NNP,*,F,단수,*,*,*,*,*
종사원,1786,3546,0,NNP,*,T,종사원,*,*,*,*,*
단순,1786,3546,0,NNP,*,T,단순,*,*,*,*,*
메리야스,1786,3545,0,NNP,*,F,메리야스,*,*,*,*,*
봉제품,1786,3546,0,NNP,*,T,봉제품,*,*,*,*,*
각종기계또는동부속품제조업,1786,3546,0,NNP,*,T,각종기계또는동부속품제조업,*,*,*,*,*
기타금속가공업,1786,3546,0,NNP,*,T,기타금속가공업,*,*,*,*,*
기타금속가공,1786,3546,0,NNP,*,T,기타금속가공,*,*,*,*,*
철고궤도운수업,1786,3546,0,NNP,*,T,철고궤도운수업,*,*,*,*,*
철고궤도운수,1786,3545,0,NNP,*,F,철고궤도운수,*,*,*,*,*
철고궤도,1786,3545,0,NNP,*,F,철고궤도,*,*,*,*,*
궤도운수업,1786,3546,0,NNP,*,T,궤도운수업,*,*,*,*,*
궤도,1786,3545,0,NNP,*,F,궤도,*,*,*,*,*
궤도운수,1786,3545,0,NNP,*,F,궤도운수,*,*,*,*,*
악기제조업,1786,3546,0,NNP,*,T,악기제조업,*,*,*,*,*
악기,1786,3545,0,NNP,*,F,악기,*,*,*,*,*
악기제조,1786,3545,0,NNP,*,F,악기제조,*,*,*,*,*
동부속품제조업,1786,3546,0,NNP,*,T,동부속품제조업,*,*,*,*,*
동부속품제조,1786,3545,0,NNP,*,F,동부속품제조,*,*,*,*,*
도매용,1786,3546,0,NNP,*,T,도매용,*,*,*,*,*
소매용,1786,3546,0,NNP,*,T,소매용,*,*,*,*,*
축산업,1786,3546,0,NNP,*,T,축산업,*,*,*,*,*
축산,1786,3546,0,NNP,*,T,축산,*,*,*,*,*
공항관리,1786,3545,0,NNP,*,F,공항관리,*,*,*,*,*
공항,1786,3546,0,NNP,*,T,공항,*,*,*,*,*
일식음식점,1786,3546,0,NNP,*,T,일식음식점,*,*,*,*,*
국가및지방자치단체의사업,1786,3546,0,NNP,*,T,국가및지방자치단체의사업,*,*,*,*,*
청소용품,1786,3546,0,NNP,*,T,청소용품,*,*,*,*,*
종합관리서비스,1786,3545,0,NNP,*,F,종합관리서비스,*,*,*,*,*
전문재활요양병원,1786,3546,0,NNP,*,T,전문재활요양병원,*,*,*,*,*
재활,1786,3546,0,NNP,*,T,재활,*,*,*,*,*
요양,1786,3546,0,NNP,*,T,요양,*,*,*,*,*
재활요양병원,1786,3546,0,NNP,*,T,재활요양병원,*,*,*,*,*
요양병원,1786,3546,0,NNP,*,T,요양병원,*,*,*,*,*
재활요양,1786,3546,0,NNP,*,T,재활요양,*,*,*,*,*
쓰레기,1786,3545,0,NNP,*,F,쓰레기,*,*,*,*,*
수거,1786,3545,0,NNP,*,F,수거,*,*,*,*,*
가정용,1786,3546,0,NNP,*,T,가정용,*,*,*,*,*
사무용,1786,3546,0,NNP,*,T,사무용,*,*,*,*,*
서비스용,1786,3546,0,NNP,*,T,서비스용,*,*,*,*,*
요식업,1786,3546,0,NNP,*,T,요식업,*,*,*,*,*
부동산업,1786,3546,0,NNP,*,T,부동산업,*,*,*,*,*
단체급식,1786,3546,0,NNP,*,T,단체급식,*,*,*,*,*
급식,1786,3546,0,NNP,*,T,급식,*,*,*,*,*
소형화물운수업,1786,3546,0,NNP,*,T,소형화물운수업,*,*,*,*,*
소형화물,1786,3546,0,NNP,*,T,소형화물,*,*,*,*,*
소형화물운수,1786,3545,0,NNP,*,F,소형화물운수,*,*,*,*,*
일반금물,1786,3546,0,NNP,*,T,일반금물,*,*,*,*,*
건축건설공사업,1786,3546,0,NNP,*,T,건축건설공사업,*,*,*,*,*
도장,1786,3546,0,NNP,*,T,도장,*,*,*,*,*
피막처리업,1786,3546,0,NNP,*,T,피막처리업,*,*,*,*,*
피막처리,1786,3545,0,NNP,*,F,피막처리,*,*,*,*,*
피막,1786,3546,0,NNP,*,T,피막,*,*,*,*,*
기타과학기술서비스업,1786,3546,0,NNP,*,T,기타과학기술서비스업,*,*,*,*,*
섬유기계제조업,1786,3546,0,NNP,*,T,섬유기계제조업,*,*,*,*,*
섬유기계제조,1786,3545,0,NNP,*,F,섬유기계제조,*,*,*,*,*
섬유기계,1786,3545,0,NNP,*,F,섬유기계,*,*,*,*,*
농업용기계제조업,1786,3546,0,NNP,*,T,농업용기계제조업,*,*,*,*,*
농업용기계제조,1786,3545,0,NNP,*,F,농업용기계제조,*,*,*,*,*
농업용기계,1786,3545,0,NNP,*,F,농업용기계,*,*,*,*,*
농업용,1786,3546,0,NNP,*,T,농업용,*,*,*,*,*
정밀금형제조업,1786,3546,0,NNP,*,T,정밀금형제조업,*,*,*,*,*
정밀금형,1786,3546,0,NNP,*,T,정밀금형,*,*,*,*,*
정밀금형제조,1786,3545,0,NNP,*,F,정밀금형제조,*,*,*,*,*
운송용,1786,3546,0,NNP,*,T,운송용,*,*,*,*,*
컨테이너,1786,3545,0,NNP,*,F,컨테이너,*,*,*,*,*
법랑철기,1786,3545,0,NNP,*,F,법랑철기,*,*,*,*,*
프레스가공제조업,1786,3546,0,NNP,*,T,프레스가공제조업,*,*,*,*,*
프레스가공제조,1786,3545,0,NNP,*,F,프레스가공제조,*,*,*,*,*
프레스가공,1786,3546,0,NNP,*,T,프레스가공,*,*,*,*,*
프레스,1786,3545,0,NNP,*,F,프레스,*,*,*,*,*
개인및가사서비스업,1786,3546,0,NNP,*,T,개인및가사서비스업,*,*,*,*,*
개인및가사서비스,1786,3545,0,NNP,*,F,개인및가사서비스,*,*,*,*,*
시설 유지관리,1786,3545,0,NNP,*,F,시설 유지관리,*,*,*,*,*
시설,1786,3546,0,NNP,*,T,시설,*,*,*,*,*
유지,1786,3545,0,NNP,*,F,유지,*,*,*,*,*
건물건설업,1786,3546,0,NNP,*,T,건물건설업,*,*,*,*,*
기타금속제업,1786,3546,0,NNP,*,T,기타금속제업,*,*,*,*,*
금속제업,1786,3546,0,NNP,*,T,금속제업,*,*,*,*,*
제업,1786,3546,0,NNP,*,T,제업,*,*,*,*,*
인력파견업,1786,3546,0,NNP,*,T,인력파견업,*,*,*,*,*
인력파견,1786,3546,0,NNP,*,T,인력파견,*,*,*,*,*
자동차수리업,1786,3546,0,NNP,*,T,자동차수리업,*,*,*,*,*
자동차수리,1786,3545,0,NNP,*,F,자동차수리,*,*,*,*,*
사무용품,1786,3546,0,NNP,*,T,사무용품,*,*,*,*,*
회화용품제조업,1786,3546,0,NNP,*,T,회화용품제조업,*,*,*,*,*
사무,1786,3545,0,NNP,*,F,사무,*,*,*,*,*
회화,1786,3545,0,NNP,*,F,회화,*,*,*,*,*
의복및장신품,1786,3546,0,NNP,*,T,의복및장신품,*,*,*,*,*
임업,1786,3546,0,NNP,*,T,임업,*,*,*,*,*
임업관련,1786,3546,0,NNP,*,T,임업관련,*,*,*,*,*
열처리사업,1786,3546,0,NNP,*,T,열처리사업,*,*,*,*,*
열처리,1786,3545,0,NNP,*,F,열처리,*,*,*,*,*
위생용종이제품제조업,1786,3546,0,NNP,*,T,위생용종이제품제조업,*,*,*,*,*
위생용종이제품제조,1786,3545,0,NNP,*,F,위생용종이제품제조,*,*,*,*,*
위생용종이제품,1786,3546,0,NNP,*,T,위생용종이제품,*,*,*,*,*
위생용종이,1786,3545,0,NNP,*,F,위생용종이,*,*,*,*,*
위생용,1786,3546,0,NNP,*,T,위생용,*,*,*,*,*
각종기계또는동부분품제조업,1786,3546,0,NNP,*,T,각종기계또는동부분품제조업,*,*,*,*,*
대중음식점,1786,3546,0,NNP,*,T,대중음식점,*,*,*,*,*
금속제품도매업,1786,3546,0,NNP,*,T,금속제품도매업,*,*,*,*,*
금속제품도매,1786,3546,0,NNP,*,T,금속제품도매,*,*,*,*,*
출판업 및 음반제조업,1786,3546,0,NNP,*,T,출판업 및 음반제조업,*,*,*,*,*
출판업,1786,3546,0,NNP,*,T,출판업,*,*,*,*,*
음반제조업,1786,3546,0,NNP,*,T,음반제조업,*,*,*,*,*
음반제조,1786,3545,0,NNP,*,F,음반제조,*,*,*,*,*
음반,1786,3546,0,NNP,*,T,음반,*,*,*,*,*
동력용,1786,3546,0,NNP,*,T,동력용,*,*,*,*,*
동력,1786,3546,0,NNP,*,T,동력,*,*,*,*,*
일반금물제조업,1786,3546,0,NNP,*,T,일반금물제조업,*,*,*,*,*
일반금물제조,1786,3545,0,NNP,*,F,일반금물제조,*,*,*,*,*
수리점,1786,3546,0,NNP,*,T,수리점,*,*,*,*,*
승강기유지관리,1786,3545,0,NNP,*,F,승강기유지관리,*,*,*,*,*
승강기,1786,3545,0,NNP,*,F,승강기,*,*,*,*,*
유지관리,1786,3545,0,NNP,*,F,유지관리,*,*,*,*,*
영업,1786,3546,0,NNP,*,T,영업,*,*,*,*,*
물류,1786,3545,0,NNP,*,F,물류,*,*,*,*,*
배송,1786,3546,0,NNP,*,T,배송,*,*,*,*,*
택배,1786,3546,0,NNP,*,T,택배,*,*,*,*,*
설치,1786,3545,0,NNP,*,F,설치,*,*,*,*,*
전문소방업체,1786,3546,0,NNP,*,T,전문소방업체,*,*,*,*,*
소방업체,1786,3546,0,NNP,*,T,소방업체,*,*,*,*,*
전문소방공사,1786,3545,0,NNP,*,F,전문소방공사,*,*,*,*,*
소방공사,1786,3545,0,NNP,*,F,소방공사,*,*,*,*,*
소방시설관리,1786,3545,0,NNP,*,F,소방시설관리,*,*,*,*,*
기계설비공사,1786,3545,0,NNP,*,F,기계설비공사,*,*,*,*,*
소방관계,1786,3545,0,NNP,*,F,소방관계,*,*,*,*,*
업종,1786,3546,0,NNP,*,T,업종,*,*,*,*,*
기계설비,1786,3545,0,NNP,*,F,기계설비,*,*,*,*,*
설비공사,1786,3545,0,NNP,*,F,설비공사,*,*,*,*,*
설비,1786,3545,0,NNP,*,F,설비,*,*,*,*,*
활어,1786,3545,0,NNP,*,F,활어,*,*,*,*,*
패류,1786,3545,0,NNP,*,F,패류,*,*,*,*,*
소매업체,1786,3546,0,NNP,*,T,소매업체,*,*,*,*,*
운동용기구제조업,1786,3546,0,NNP,*,T,운동용기구제조업,*,*,*,*,*
운동용기구제조,1786,3545,0,NNP,*,F,운동용기구제조,*,*,*,*,*
운동용기구,1786,3545,0,NNP,*,F,운동용기구,*,*,*,*,*
운동용유기화학제품제조업,1786,3546,0,NNP,*,T,운동용유기화학제품제조업,*,*,*,*,*
유기화학제품제조,1786,3545,0,NNP,*,F,유기화학제품제조,*,*,*,*,*
유기화학제품,1786,3546,0,NNP,*,T,유기화학제품,*,*,*,*,*
유기화학,1786,3546,0,NNP,*,T,유기화학,*,*,*,*,*
사진촬영,1786,3546,0,NNP,*,T,사진촬영,*,*,*,*,*
촬영,1786,3546,0,NNP,*,T,촬영,*,*,*,*,*
기타수제품제조업,1786,3546,0,NNP,*,T,기타수제품제조업,*,*,*,*,*
수제품제조업,1786,3546,0,NNP,*,T,수제품제조업,*,*,*,*,*
수제품제조,1786,3545,0,NNP,*,F,수제품제조,*,*,*,*,*
수제품,1786,3546,0,NNP,*,T,수제품,*,*,*,*,*
철강재제조업,1786,3546,0,NNP,*,T,철강재제조업,*,*,*,*,*
철강재제조,1786,3545,0,NNP,*,F,철강재제조,*,*,*,*,*
자동차엔진,1786,3546,0,NNP,*,T,자동차엔진,*,*,*,*,*
자동검사용,1786,3546,0,NNP,*,T,자동검사용,*,*,*,*,*
카메라,1786,3545,0,NNP,*,F,카메라,*,*,*,*,*
학교,1786,3545,0,NNP,*,F,학교,*,*,*,*,*
급식실,1786,3546,0,NNP,*,T,급식실,*,*,*,*,*
의약외품제조업,1786,3546,0,NNP,*,T,의약외품제조업,*,*,*,*,*
의약외품,1786,3546,0,NNP,*,T,의약외품,*,*,*,*,*
의약외품제조,1786,3545,0,NNP,*,F,의약외품제조,*,*,*,*,*
토석제품제조업,1786,3546,0,NNP,*,T,토석제품제조업,*,*,*,*,*
토석제품제조,1786,3545,0,NNP,*,F,토석제품제조,*,*,*,*,*
전기계측기제조업,1786,3546,0,NNP,*,T,전기계측기제조업,*,*,*,*,*
전기계측기제조,1786,3545,0,NNP,*,F,전기계측기제조,*,*,*,*,*
전기계측기,1786,3545,0,NNP,*,F,전기계측기,*,*,*,*,*
자동차전세여객운수업,1786,3546,0,NNP,*,T,자동차전세여객운수업,*,*,*,*,*
자동차전세여객운수,1786,3545,0,NNP,*,F,자동차전세여객운수,*,*,*,*,*
중고,1786,3545,0,NNP,*,F,중고,*,*,*,*,*
중고상품,1786,3546,0,NNP,*,T,중고상품,*,*,*,*,*
수집판매,1786,3546,0,NNP,*,T,수집판매,*,*,*,*,*
지류가공제품제조업,1786,3546,0,NNP,*,T,지류가공제품제조업,*,*,*,*,*
지류가공제품제조,1786,3545,0,NNP,*,F,지류가공제품제조,*,*,*,*,*
지류가공제품,1786,3546,0,NNP,*,T,지류가공제품,*,*,*,*,*
지류가공,1786,3546,0,NNP,*,T,지류가공,*,*,*,*,*
일반제재업,1786,3546,0,NNP,*,T,일반제재업,*,*,*,*,*
참치,1786,3545,0,NNP,*,F,참치,*,*,*,*,*
냉동수산물,1786,3546,0,NNP,*,T,냉동수산물,*,*,*,*,*
무역,1786,3546,0,NNP,*,T,무역,*,*,*,*,*
면세품,1786,3546,0,NNP,*,T,면세품,*,*,*,*,*
면세,1786,3546,0,NNP,*,T,면세,*,*,*,*,*
기타도급,1786,3546,0,NNP,*,T,기타도급,*,*,*,*,*
도급,1786,3546,0,NNP,*,T,도급,*,*,*,*,*
철강또는비철금속주물제조업,1786,3546,0,NNP,*,T,철강또는비철금속주물제조업,*,*,*,*,*
전자응용장치제조업,1786,3546,0,NNP,*,T,전자응용장치제조업,*,*,*,*,*
전자응용장치제조,1786,3545,0,NNP,*,F,전자응용장치제조,*,*,*,*,*
전자응용장치,1786,3545,0,NNP,*,F,전자응용장치,*,*,*,*,*
전자응용,1786,3546,0,NNP,*,T,전자응용,*,*,*,*,*
응용장치,1786,3545,0,NNP,*,F,응용장치,*,*,*,*,*
응용장치제조,1786,3545,0,NNP,*,F,응용장치제조,*,*,*,*,*
응용,1786,3546,0,NNP,*,T,응용,*,*,*,*,*
기타산업용기계기구제조업,1786,3546,0,NNP,*,T,기타산업용기계기구제조업,*,*,*,*,*
산업용기계기구제조,1786,3545,0,NNP,*,F,산업용기계기구제조,*,*,*,*,*
산업용기계기구제조업,1786,3546,0,NNP,*,T,산업용기계기구제조업,*,*,*,*,*
산업용기계기구,1786,3545,0,NNP,*,F,산업용기계기구,*,*,*,*,*
도·소매업,1786,3546,0,NNP,*,T,도·소매업,*,*,*,*,*
축산물,1786,3546,0,NNP,*,T,축산물,*,*,*,*,*
실외놀이터,1786,3545,0,NNP,*,F,실외놀이터,*,*,*,*,*
놀이터,1786,3545,0,NNP,*,F,놀이터,*,*,*,*,*
실외,1786,3545,0,NNP,*,F,실외,*,*,*,*,*
목재건구제조업,1786,3546,0,NNP,*,T,목재건구제조업,*,*,*,*,*
목재건구제조,1786,3545,0,NNP,*,F,목재건구제조,*,*,*,*,*
목재건구,1786,3545,0,NNP,*,F,목재건구,*,*,*,*,*
마트,1786,3545,0,NNP,*,F,마트,*,*,*,*,*
중국음식점,1786,3546,0,NNP,*,T,중국음식점,*,*,*,*,*
베니어판,1786,3546,0,NNP,*,T,베니어판,*,*,*,*,*
버스운수업,1786,3546,0,NNP,*,T,버스운수업,*,*,*,*,*
버스,1786,3545,0,NNP,*,F,버스,*,*,*,*,*
버스운수,1786,3545,0,NNP,*,F,버스운수,*,*,*,*,*
상하차업,1786,3546,0,NNP,*,T,상하차업,*,*,*,*,*
상하차,1786,3545,0,NNP,*,F,상하차,*,*,*,*,*
철근콘크리트제품제조업,1786,3546,0,NNP,*,T,철근콘크리트제품제조업,*,*,*,*,*
철근콘크리트제품제조,1786,3545,0,NNP,*,F,철근콘크리트제품제조,*,*,*,*,*
철근콘크리트제품,1786,3546,0,NNP,*,T,철근콘크리트제품,*,*,*,*,*
철근콘크리트,1786,3545,0,NNP,*,F,철근콘크리트,*,*,*,*,*
철근,1786,3546,0,NNP,*,T,철근,*,*,*,*,*
육류소매업,1786,3546,0,NNP,*,T,육류소매업,*,*,*,*,*
육류소매,1786,3546,0,NNP,*,T,육류소매,*,*,*,*,*
육류도매업,1786,3546,0,NNP,*,T,육류도매업,*,*,*,*,*
육류도매,1786,3546,0,NNP,*,T,육류도매,*,*,*,*,*
일괄계속사업,1786,3546,0,NNP,*,T,일괄계속사업,*,*,*,*,*
인쇄회로기판용,1786,3546,0,NNP,*,T,인쇄회로기판용,*,*,*,*,*
적층판,1786,3546,0,NNP,*,T,적층판,*,*,*,*,*
전기설비,1786,3545,0,NNP,*,F,전기설비,*,*,*,*,*
공구류,1786,3545,0,NNP,*,F,공구류,*,*,*,*,*
슈퍼마켓,1786,3546,0,NNP,*,T,슈퍼마켓,*,*,*,*,*
슈퍼,1786,3545,0,NNP,*,F,슈퍼,*,*,*,*,*
마켓,1786,3546,0,NNP,*,T,마켓,*,*,*,*,*
조리업,1786,3546,0,NNP,*,T,조리업,*,*,*,*,*
조리,1786,3545,0,NNP,*,F,조리,*,*,*,*,*
계측기,1786,3545,0,NNP,*,F,계측기,*,*,*,*,*
계측,1786,3546,0,NNP,*,T,계측,*,*,*,*,*
시험기제조업,1786,3546,0,NNP,*,T,시험기제조업,*,*,*,*,*
시험기,1786,3545,0,NNP,*,F,시험기,*,*,*,*,*
시험기제조,1786,3545,0,NNP,*,F,시험기제조,*,*,*,*,*
사출,1786,3546,0,NNP,*,T,사출,*,*,*,*,*
해외,1786,3545,0,NNP,*,F,해외,*,*,*,*,*
수출대행업체,1786,3546,0,NNP,*,T,수출대행업체,*,*,*,*,*
수출,1786,3546,0,NNP,*,T,수출,*,*,*,*,*
식품류,1786,3545,0,NNP,*,F,식품류,*,*,*,*,*
수출대행,1786,3546,0,NNP,*,T,수출대행,*,*,*,*,*
식품제조가공업,1786,3546,0,NNP,*,T,식품제조가공업,*,*,*,*,*
식품제조가공,1786,3546,0,NNP,*,T,식품제조가공,*,*,*,*,*
식품제조,1786,3545,0,NNP,*,F,식품제조,*,*,*,*,*
반도체소재제조업,1786,3546,0,NNP,*,T,반도체소재제조업,*,*,*,*,*
반도체소재제조,1786,3545,0,NNP,*,F,반도체소재제조,*,*,*,*,*
반도체소재,1786,3546,0,NNP,*,T,반도체소재,*,*,*,*,*
하수도업,1786,3546,0,NNP,*,T,하수도업,*,*,*,*,*
하수도,1786,3545,0,NNP,*,F,하수도,*,*,*,*,*
가공판매,1786,3546,0,NNP,*,T,가공판매,*,*,*,*,*
차량용,1786,3546,0,NNP,*,T,차량용,*,*,*,*,*
휠,1786,3546,0,NNP,*,T,휠,*,*,*,*,*
황동관련,1786,3546,0,NNP,*,T,황동관련,*,*,*,*,*
황동,1786,3546,0,NNP,*,T,황동,*,*,*,*,*
코스관리,1786,3545,0,NNP,*,F,코스관리,*,*,*,*,*
코스,1786,3545,0,NNP,*,F,코스,*,*,*,*,*
배합사료,1786,3545,0,NNP,*,F,배합사료,*,*,*,*,*
배합,1786,3546,0,NNP,*,T,배합,*,*,*,*,*
축수산용,1786,3546,0,NNP,*,T,축수산용,*,*,*,*,*
축.수산용,1786,3546,0,NNP,*,T,축.수산용,*,*,*,*,*
용접임가공,1786,3546,0,NNP,*,T,용접임가공,*,*,*,*,*
핸들,1786,3546,0,NNP,*,T,핸들,*,*,*,*,*
기타금속제품가공업,1786,3546,0,NNP,*,T,기타금속제품가공업,*,*,*,*,*
금속제품가공업,1786,3546,0,NNP,*,T,금속제품가공업,*,*,*,*,*
기타금속제품가공,1786,3546,0,NNP,*,T,기타금속제품가공,*,*,*,*,*
금속제품가공,1786,3546,0,NNP,*,T,금속제품가공,*,*,*,*,*
고철,1786,3546,0,NNP,*,T,고철,*,*,*,*,*
비철,1786,3546,0,NNP,*,T,비철,*,*,*,*,*
전기업,1786,3546,0,NNP,*,T,전기업,*,*,*,*,*
국가및지방자치단체,1786,3546,0,NNP,*,T,국가및지방자치단체,*,*,*,*,*
지류제조업,1786,3546,0,NNP,*,T,지류제조업,*,*,*,*,*
지류제조,1786,3545,0,NNP,*,F,지류제조,*,*,*,*,*
지류,1786,3545,0,NNP,*,F,지류,*,*,*,*,*
소매및소비자용품수리업,1786,3546,0,NNP,*,T,소매및소비자용품수리업,*,*,*,*,*
빵및과자류제조업,1786,3546,0,NNP,*,T,빵및과자류제조업,*,*,*,*,*
사업종류,1786,3545,0,NNP,*,F,사업종류,*,*,*,*,*
베벨드,1786,3545,0,NNP,*,F,베벨드,*,*,*,*,*
제작,1786,3546,0,NNP,*,T,제작,*,*,*,*,*
중학교,1786,3545,0,NNP,*,F,중학교,*,*,*,*,*
교실,1786,3546,0,NNP,*,T,교실,*,*,*,*,*
콘크리트,1786,3545,0,NNP,*,F,콘크리트,*,*,*,*,*
일반음식점,1786,3546,0,NNP,*,T,일반음식점,*,*,*,*,*
음이온발생기,1786,3545,0,NNP,*,F,음이온발생기,*,*,*,*,*
발생기,1786,3545,0,NNP,*,F,발생기,*,*,*,*,*
고전압,1786,3546,0,NNP,*,T,고전압,*,*,*,*,*
경영컨설팅서비스업,1786,3546,0,NNP,*,T,경영컨설팅서비스업,*,*,*,*,*
경영컨설팅서비스,1786,3545,0,NNP,*,F,경영컨설팅서비스,*,*,*,*,*
경영컨설팅,1786,3546,0,NNP,*,T,경영컨설팅,*,*,*,*,*
경영,1786,3546,0,NNP,*,T,경영,*,*,*,*,*
컨설팅서비스업,1786,3546,0,NNP,*,T,컨설팅서비스업,*,*,*,*,*
컨설팅서비스,1786,3545,0,NNP,*,F,컨설팅서비스,*,*,*,*,*
도시락,1786,3546,0,NNP,*,T,도시락,*,*,*,*,*
수상운수업,1786,3546,0,NNP,*,T,수상운수업,*,*,*,*,*
수상운수,1786,3545,0,NNP,*,F,수상운수,*,*,*,*,*
수상,1786,3546,0,NNP,*,T,수상,*,*,*,*,*
한식음식점업,1786,3546,0,NNP,*,T,한식음식점업,*,*,*,*,*
한식음식점,1786,3546,0,NNP,*,T,한식음식점,*,*,*,*,*
기타각종,1786,3546,0,NNP,*,T,기타각종,*,*,*,*,*
자동차정비사업,1786,3546,0,NNP,*,T,자동차정비사업,*,*,*,*,*
정비사업,1786,3546,0,NNP,*,T,정비사업,*,*,*,*,*
특수목적용기계제조업,1786,3546,0,NNP,*,T,특수목적용기계제조업,*,*,*,*,*
회화용품,1786,3546,0,NNP,*,T,회화용품,*,*,*,*,*
점토제품제조업,1786,3546,0,NNP,*,T,점토제품제조업,*,*,*,*,*
점토제품제조,1786,3545,0,NNP,*,F,점토제품제조,*,*,*,*,*
점토제품,1786,3546,0,NNP,*,T,점토제품,*,*,*,*,*
점토,1786,3545,0,NNP,*,F,점토,*,*,*,*,*
플라스틱가공품제품제조업,1786,3546,0,NNP,*,T,플라스틱가공품제품제조업,*,*,*,*,*
플라스틱가공품제품제조,1786,3545,0,NNP,*,F,플라스틱가공품제품제조,*,*,*,*,*
플라스틱가공품제품,1786,3546,0,NNP,*,T,플라스틱가공품제품,*,*,*,*,*
가공품제품,1786,3546,0,NNP,*,T,가공품제품,*,*,*,*,*
유리섬유제조업,1786,3546,0,NNP,*,T,유리섬유제조업,*,*,*,*,*
유리섬유제조,1786,3545,0,NNP,*,F,유리섬유제조,*,*,*,*,*
유리섬유,1786,3545,0,NNP,*,F,유리섬유,*,*,*,*,*
유모차,1786,3545,0,NNP,*,F,유모차,*,*,*,*,*
카시트,1786,3545,0,NNP,*,F,카시트,*,*,*,*,*
유아용품,1786,3546,0,NNP,*,T,유아용품,*,*,*,*,*
유아용,1786,3546,0,NNP,*,T,유아용,*,*,*,*,*
농기구제조업,1786,3546,0,NNP,*,T,농기구제조업,*,*,*,*,*
농기구제조,1786,3545,0,NNP,*,F,농기구제조,*,*,*,*,*
농기구,1786,3545,0,NNP,*,F,농기구,*,*,*,*,*
토사채굴,1786,3546,0,NNP,*,T,토사채굴,*,*,*,*,*
채취업,1786,3546,0,NNP,*,T,채취업,*,*,*,*,*
토사,1786,3545,0,NNP,*,F,토사,*,*,*,*,*
채굴,1786,3546,0,NNP,*,T,채굴,*,*,*,*,*
지방자치단체사업,1786,3546,0,NNP,*,T,지방자치단체사업,*,*,*,*,*
금속광업,1786,3546,0,NNP,*,T,금속광업,*,*,*,*,*
본사,1786,3545,0,NNP,*,F,본사,*,*,*,*,*
합금철제품제조업,1786,3546,0,NNP,*,T,합금철제품제조업,*,*,*,*,*
합금철제품제조,1786,3545,0,NNP,*,F,합금철제품제조,*,*,*,*,*
합금철제품,1786,3546,0,NNP,*,T,합금철제품,*,*,*,*,*
합금철,1786,3546,0,NNP,*,T,합금철,*,*,*,*,*
합금,1786,3546,0,NNP,*,T,합금,*,*,*,*,*
기계제작,1786,3546,0,NNP,*,T,기계제작,*,*,*,*,*
토석제품,1786,3546,0,NNP,*,T,토석제품,*,*,*,*,*
전자관또는반도체소자,1786,3545,0,NNP,*,F,전자관또는반도체소자,*,*,*,*,*
제지,1786,3545,0,NNP,*,F,제지,*,*,*,*,*
석회석,1786,3546,0,NNP,*,T,석회석,*,*,*,*,*
암석,1786,3546,0,NNP,*,T,암석,*,*,*,*,*
노선화물운수업,1786,3546,0,NNP,*,T,노선화물운수업,*,*,*,*,*
노선화물운수,1786,3545,0,NNP,*,F,노선화물운수,*,*,*,*,*
노선화물,1786,3546,0,NNP,*,T,노선화물,*,*,*,*,*
화학섬유제품제조업,1786,3546,0,NNP,*,T,화학섬유제품제조업,*,*,*,*,*
렌즈제조업,1786,3546,0,NNP,*,T,렌즈제조업,*,*,*,*,*
광학기계기구,1786,3545,0,NNP,*,F,광학기계기구,*,*,*,*,*
렌즈제조,1786,3545,0,NNP,*,F,렌즈제조,*,*,*,*,*
렌즈,1786,3545,0,NNP,*,F,렌즈,*,*,*,*,*
광학,1786,3546,0,NNP,*,T,광학,*,*,*,*,*
여객운송,1786,3546,0,NNP,*,T,여객운송,*,*,*,*,*
여객운송업,1786,3546,0,NNP,*,T,여객운송업,*,*,*,*,*
기타각종제조업,1786,3546,0,NNP,*,T,기타각종제조업,*,*,*,*,*
최종생산품,1786,3546,0,NNP,*,T,최종생산품,*,*,*,*,*
기타각종제조,1786,3545,0,NNP,*,F,기타각종제조,*,*,*,*,*
쇄석채취업,1786,3546,0,NNP,*,T,쇄석채취업,*,*,*,*,*
쇄석채취,1786,3545,0,NNP,*,F,쇄석채취,*,*,*,*,*
방적제사,1786,3545,0,NNP,*,F,방적제사,*,*,*,*,*
화학섬유제품제조,1786,3545,0,NNP,*,F,화학섬유제품제조,*,*,*,*,*
화학섬유제품,1786,3546,0,NNP,*,T,화학섬유제품,*,*,*,*,*
비철금속제련,1786,3546,0,NNP,*,T,비철금속제련,*,*,*,*,*
철금속제련,1786,3546,0,NNP,*,T,철금속제련,*,*,*,*,*
수공구제조업,1786,3546,0,NNP,*,T,수공구제조업,*,*,*,*,*
수공구제조,1786,3545,0,NNP,*,F,수공구제조,*,*,*,*,*
철강압연업,1786,3546,0,NNP,*,T,철강압연업,*,*,*,*,*
철강압연,1786,3546,0,NNP,*,T,철강압연,*,*,*,*,*
기술서비스,1786,3545,0,NNP,*,F,기술서비스,*,*,*,*,*
기타금속제폼제조,1786,3545,0,NNP,*,F,기타금속제폼제조,*,*,*,*,*
판유리제조업,1786,3546,0,NNP,*,T,판유리제조업,*,*,*,*,*
판유리제조,1786,3545,0,NNP,*,F,판유리제조,*,*,*,*,*
판유리,1786,3545,0,NNP,*,F,판유리,*,*,*,*,*
닭고기,1786,3545,0,NNP,*,F,닭고기,*,*,*,*,*
파이프,1786,3545,0,NNP,*,F,파이프,*,*,*,*,*
커튼,1786,3546,0,NNP,*,T,커튼,*,*,*,*,*
천막제조업,1786,3546,0,NNP,*,T,천막제조업,*,*,*,*,*
천막제조,1786,3545,0,NNP,*,F,천막제조,*,*,*,*,*
천막,1786,3546,0,NNP,*,T,천막,*,*,*,*,*
금속커버,1786,3545,0,NNP,*,F,금속커버,*,*,*,*,*
가전제품수리업,1786,3546,0,NNP,*,T,가전제품수리업,*,*,*,*,*
가전제품수리,1786,3545,0,NNP,*,F,가전제품수리,*,*,*,*,*
가전제품,1786,3546,0,NNP,*,T,가전제품,*,*,*,*,*
가전,1786,3546,0,NNP,*,T,가전,*,*,*,*,*
광물제품제조업,1786,3546,0,NNP,*,T,광물제품제조업,*,*,*,*,*
광물제품제조,1786,3545,0,NNP,*,F,광물제품제조,*,*,*,*,*
광물제품,1786,3546,0,NNP,*,T,광물제품,*,*,*,*,*
광물,1786,3546,0,NNP,*,T,광물,*,*,*,*,*
철강재,1786,3546,0,NNP,*,T,철강재,*,*,*,*,*
음식료품,1786,3546,0,NNP,*,T,음식료품,*,*,*,*,*
영림업,1786,3546,0,NNP,*,T,영림업,*,*,*,*,*
영림,1786,3546,0,NNP,*,T,영림,*,*,*,*,*
종묘생산업,1786,3546,0,NNP,*,T,종묘생산업,*,*,*,*,*
종묘생산,1786,3546,0,NNP,*,T,종묘생산,*,*,*,*,*
종묘,1786,3545,0,NNP,*,F,종묘,*,*,*,*,*
자동차용,1786,3546,0,NNP,*,T,자동차용,*,*,*,*,*
건설용금속제품제조,1786,3545,0,NNP,*,F,건설용금속제품제조,*,*,*,*,*
알루미늄,1786,3546,0,NNP,*,T,알루미늄,*,*,*,*,*
범퍼,1786,3545,0,NNP,*,F,범퍼,*,*,*,*,*
툴박스,1786,3545,0,NNP,*,F,툴박스,*,*,*,*,*
식품,1786,3546,0,NNP,*,T,식품,*,*,*,*,*
리튬,1786,3546,0,NNP,*,T,리튬,*,*,*,*,*
배터리,1786,3545,0,NNP,*,F,배터리,*,*,*,*,*
양극화,1786,3545,0,NNP,*,F,양극화,*,*,*,*,*
물질,1786,3546,0,NNP,*,T,물질,*,*,*,*,*
시트,1786,3545,0,NNP,*,F,시트,*,*,*,*,*
강관제조판매,1786,3546,0,NNP,*,T,강관제조판매,*,*,*,*,*
강관제조,1786,3545,0,NNP,*,F,강관제조,*,*,*,*,*
열연롤,1786,3546,0,NNP,*,T,열연롤,*,*,*,*,*
제직된 원단,1786,3546,0,NNP,*,T,제직된 원단,*,*,*,*,*
드라이가공,1786,3546,0,NNP,*,T,드라이가공,*,*,*,*,*
피치가공,1786,3546,0,NNP,*,T,피치가공,*,*,*,*,*
원단,1786,3546,0,NNP,*,T,원단,*,*,*,*,*
자동차부분품제조업품,1786,3546,0,NNP,*,T,자동차부분품제조업품,*,*,*,*,*
방화문부자재,1786,3546,0,NNP,*,T,방화문부자재,*,*,*,*,*
방화문,1786,3546,0,NNP,*,T,방화문,*,*,*,*,*
에어컨,1786,3546,0,NNP,*,T,에어컨,*,*,*,*,*
슈,1786,3545,0,NNP,*,F,슈,*,*,*,*,*
절삭공구,1786,3545,0,NNP,*,F,절삭공구,*,*,*,*,*
절삭,1786,3546,0,NNP,*,T,절삭,*,*,*,*,*
특수산업용기계제조업,1786,3546,0,NNP,*,T,특수산업용기계제조업,*,*,*,*,*
특수산업용기계제조,1786,3545,0,NNP,*,F,특수산업용기계제조,*,*,*,*,*
특수산업용기계,1786,3545,0,NNP,*,F,특수산업용기계,*,*,*,*,*
기계부품제조업,1786,3546,0,NNP,*,T,기계부품제조업,*,*,*,*,*
기계부품제조,1786,3545,0,NNP,*,F,기계부품제조,*,*,*,*,*
기계부품,1786,3546,0,NNP,*,T,기계부품,*,*,*,*,*
음식물,1786,3546,0,NNP,*,T,음식물,*,*,*,*,*
연료레벨게이지,1786,3545,0,NNP,*,F,연료레벨게이지,*,*,*,*,*
조립,1786,3546,0,NNP,*,T,조립,*,*,*,*,*
금속단조제품,1786,3546,0,NNP,*,T,금속단조제품,*,*,*,*,*
금속단조,1786,3545,0,NNP,*,F,금속단조,*,*,*,*,*
장애인활동지원서비스,1786,3545,0,NNP,*,F,장애인활동지원서비스,*,*,*,*,*
활동지원서비스,1786,3545,0,NNP,*,F,활동지원서비스,*,*,*,*,*
장애인활동지원,1786,3546,0,NNP,*,T,장애인활동지원,*,*,*,*,*
등산용 티,1786,3545,0,NNP,*,F,등산용 티,*,*,*,*,*
등산용,1786,3546,0,NNP,*,T,등산용,*,*,*,*,*
등산,1786,3546,0,NNP,*,T,등산,*,*,*,*,*
문화재,1786,3546,0,NNP,*,T,문화재,*,*,*,*,*
발굴,1786,3546,0,NNP,*,T,발굴,*,*,*,*,*
조사,1786,3545,0,NNP,*,F,조사,*,*,*,*,*
섬유제조업체,1786,3546,0,NNP,*,T,섬유제조업체,*,*,*,*,*
철강보조품,1786,3546,0,NNP,*,T,철강보조품,*,*,*,*,*
철강보조,1786,3545,0,NNP,*,F,철강보조,*,*,*,*,*
연탄난로,1786,3545,0,NNP,*,F,연탄난로,*,*,*,*,*
보일러,1786,3545,0,NNP,*,F,보일러,*,*,*,*,*
그릴,1786,3546,0,NNP,*,T,그릴,*,*,*,*,*
백화점,1786,3546,0,NNP,*,T,백화점,*,*,*,*,*
가구판매,1786,3546,0,NNP,*,T,가구판매,*,*,*,*,*
내화벽돌,1786,3546,0,NNP,*,T,내화벽돌,*,*,*,*,*
유사구조용내화물,1786,3546,0,NNP,*,T,유사구조용내화물,*,*,*,*,*
내화물,1786,3546,0,NNP,*,T,내화물,*,*,*,*,*
기계제품제조업,1786,3546,0,NNP,*,T,기계제품제조업,*,*,*,*,*
기계제품제조,1786,3545,0,NNP,*,F,기계제품제조,*,*,*,*,*
기계제품,1786,3546,0,NNP,*,T,기계제품,*,*,*,*,*
소독업,1786,3546,0,NNP,*,T,소독업,*,*,*,*,*
소독,1786,3546,0,NNP,*,T,소독,*,*,*,*,*
고무패킹,1786,3546,0,NNP,*,T,고무패킹,*,*,*,*,*
패킹,1786,3546,0,NNP,*,T,패킹,*,*,*,*,*
기타금속재료부품제조업,1786,3546,0,NNP,*,T,기타금속재료부품제조업,*,*,*,*,*
기타금속재료부품제조,1786,3545,0,NNP,*,F,기타금속재료부품제조,*,*,*,*,*
금속재료부품,1786,3546,0,NNP,*,T,금속재료부품,*,*,*,*,*
기타금속재료부품,1786,3546,0,NNP,*,T,기타금속재료부품,*,*,*,*,*
금속재료부품제조,1786,3545,0,NNP,*,F,금속재료부품제조,*,*,*,*,*
금속재료부품제조업,1786,3546,0,NNP,*,T,금속재료부품제조업,*,*,*,*,*
의료용,1786,3546,0,NNP,*,T,의료용,*,*,*,*,*
전기기계설비관리,1786,3545,0,NNP,*,F,전기기계설비관리,*,*,*,*,*
전기기계설비,1786,3545,0,NNP,*,F,전기기계설비,*,*,*,*,*
기계설비관리,1786,3545,0,NNP,*,F,기계설비관리,*,*,*,*,*
유지보수,1786,3545,0,NNP,*,F,유지보수,*,*,*,*,*
보수,1786,3545,0,NNP,*,F,보수,*,*,*,*,*
목공,1786,3546,0,NNP,*,T,목공,*,*,*,*,*
선박임가공,1786,3546,0,NNP,*,T,선박임가공,*,*,*,*,*
임가공,1786,3546,0,NNP,*,T,임가공,*,*,*,*,*
제거,1786,3545,0,NNP,*,F,제거,*,*,*,*,*
고사목,1786,3546,0,NNP,*,T,고사목,*,*,*,*,*
계류,1786,3545,0,NNP,*,F,계류,*,*,*,*,*
작업,1786,3546,0,NNP,*,T,작업,*,*,*,*,*
토석,1786,3546,0,NNP,*,T,토석,*,*,*,*,*
장식용품,1786,3546,0,NNP,*,T,장식용품,*,*,*,*,*
장식용,1786,3546,0,NNP,*,T,장식용,*,*,*,*,*
장식,1786,3546,0,NNP,*,T,장식,*,*,*,*,*
기타화학제조업,1786,3546,0,NNP,*,T,기타화학제조업,*,*,*,*,*
화학제조업,1786,3546,0,NNP,*,T,화학제조업,*,*,*,*,*
화학제조,1786,3545,0,NNP,*,F,화학제조,*,*,*,*,*
기타화학제조,1786,3545,0,NNP,*,F,기타화학제조,*,*,*,*,*
무기화학제품제조업,1786,3546,0,NNP,*,T,무기화학제품제조업,*,*,*,*,*
무기화학제품제조,1786,3545,0,NNP,*,F,무기화학제품제조,*,*,*,*,*
무기화학제품,1786,3546,0,NNP,*,T,무기화학제품,*,*,*,*,*
무기화학,1786,3546,0,NNP,*,T,무기화학,*,*,*,*,*
필름,1786,3546,0,NNP,*,T,필름,*,*,*,*,*
선박블록제조,1786,3545,0,NNP,*,F,선박블록제조,*,*,*,*,*
단조업체,1786,3546,0,NNP,*,T,단조업체,*,*,*,*,*
단조,1786,3545,0,NNP,*,F,단조,*,*,*,*,*
어망,1786,3546,0,NNP,*,T,어망,*,*,*,*,*
기타기계기구제조업,1786,3546,0,NNP,*,T,기타기계기구제조업,*,*,*,*,*
기타식료품제조업,1786,3546,0,NNP,*,T,기타식료품제조업,*,*,*,*,*
해외파견사업,1786,3546,0,NNP,*,T,해외파견사업,*,*,*,*,*
해외파견,1786,3546,0,NNP,*,T,해외파견,*,*,*,*,*
시멘트제조업,1786,3546,0,NNP,*,T,시멘트제조업,*,*,*,*,*
시멘트제조,1786,3545,0,NNP,*,F,시멘트제조,*,*,*,*,*
지방자체단체의사업,1786,3546,0,NNP,*,T,지방자체단체의사업,*,*,*,*,*
기타건설공사업,1786,3546,0,NNP,*,T,기타건설공사업,*,*,*,*,*
건설공사업,1786,3546,0,NNP,*,T,건설공사업,*,*,*,*,*
물리,1786,3545,0,NNP,*,F,물리,*,*,*,*,*
생물학,1786,3546,0,NNP,*,T,생물학,*,*,*,*,*
연구개발업,1786,3546,0,NNP,*,T,연구개발업,*,*,*,*,*
연구개발,1786,3546,0,NNP,*,T,연구개발,*,*,*,*,*
개발업,1786,3546,0,NNP,*,T,개발업,*,*,*,*,*
주류도매업,1786,3546,0,NNP,*,T,주류도매업,*,*,*,*,*
주류도매,1786,3546,0,NNP,*,T,주류도매,*,*,*,*,*
주류,1786,3545,0,NNP,*,F,주류,*,*,*,*,*
전기장비제조업,1786,3546,0,NNP,*,T,전기장비제조업,*,*,*,*,*
전기장비제조,1786,3545,0,NNP,*,F,전기장비제조,*,*,*,*,*
전기장비,1786,3545,0,NNP,*,F,전기장비,*,*,*,*,*
장비제조,1786,3545,0,NNP,*,F,장비제조,*,*,*,*,*
장비제조업,1786,3546,0,NNP,*,T,장비제조업,*,*,*,*,*
재가요양보호,1786,3545,0,NNP,*,F,재가요양보호,*,*,*,*,*
건물관리,1786,3545,0,NNP,*,F,건물관리,*,*,*,*,*
광고업,1786,3546,0,NNP,*,T,광고업,*,*,*,*,*
폐기물수집운반업,1786,3546,0,NNP,*,T,폐기물수집운반업,*,*,*,*,*
폐기물수집운반,1786,3546,0,NNP,*,T,폐기물수집운반,*,*,*,*,*
폐기물수집,1786,3546,0,NNP,*,T,폐기물수집,*,*,*,*,*
예식장업,1786,3546,0,NNP,*,T,예식장업,*,*,*,*,*
예식장,1786,3546,0,NNP,*,T,예식장,*,*,*,*,*
도배,1786,3546,0,NNP,*,T,도배,*,*,*,*,*
실내장식,1786,3546,0,NNP,*,T,실내장식,*,*,*,*,*
내장,1786,3546,0,NNP,*,T,내장,*,*,*,*,*
목공사업,1786,3546,0,NNP,*,T,목공사업,*,*,*,*,*
일반의원,1786,3546,0,NNP,*,T,일반의원,*,*,*,*,*
의원,1786,3546,0,NNP,*,T,의원,*,*,*,*,*
목재제조업,1786,3546,0,NNP,*,T,목재제조업,*,*,*,*,*
목재제조,1786,3545,0,NNP,*,F,목재제조,*,*,*,*,*
외식사업,1786,3546,0,NNP,*,T,외식사업,*,*,*,*,*
외식,1786,3546,0,NNP,*,T,외식,*,*,*,*,*
주형,1786,3546,0,NNP,*,T,주형,*,*,*,*,*
즉석가공,1786,3546,0,NNP,*,T,즉석가공,*,*,*,*,*
포장,1786,3546,0,NNP,*,T,포장,*,*,*,*,*
즉석,1786,3546,0,NNP,*,T,즉석,*,*,*,*,*
귀금속제품제조업,1786,3546,0,NNP,*,T,귀금속제품제조업,*,*,*,*,*
귀금속제품제조,1786,3545,0,NNP,*,F,귀금속제품제조,*,*,*,*,*
귀금속제품,1786,3546,0,NNP,*,T,귀금속제품,*,*,*,*,*
종합소매업,1786,3546,0,NNP,*,T,종합소매업,*,*,*,*,*
종합소매,1786,3546,0,NNP,*,T,종합소매,*,*,*,*,*
속옷,1786,3546,0,NNP,*,T,속옷,*,*,*,*,*
잠옷,1786,3546,0,NNP,*,T,잠옷,*,*,*,*,*
옷,1786,3546,0,NNP,*,T,옷,*,*,*,*,*
호텔업,1786,3546,0,NNP,*,T,호텔업,*,*,*,*,*
호텔,1786,3546,0,NNP,*,T,호텔,*,*,*,*,*
산업안전관리대행,1786,3546,0,NNP,*,T,산업안전관리대행,*,*,*,*,*
안전보건교육,1786,3546,0,NNP,*,T,안전보건교육,*,*,*,*,*
안전보건컨설팅,1786,3546,0,NNP,*,T,안전보건컨설팅,*,*,*,*,*
회사,1786,3545,0,NNP,*,F,회사,*,*,*,*,*
안전,1786,3546,0,NNP,*,T,안전,*,*,*,*,*
안전보건,1786,3546,0,NNP,*,T,안전보건,*,*,*,*,*
컨설팅,1786,3546,0,NNP,*,T,컨설팅,*,*,*,*,*
산업안전관리,1786,3545,0,NNP,*,F,산업안전관리,*,*,*,*,*
요양보호서비스,1786,3545,0,NNP,*,F,요양보호서비스,*,*,*,*,*
요양보호,1786,3545,0,NNP,*,F,요양보호,*,*,*,*,*
법무회계관련,1786,3546,0,NNP,*,T,법무회계관련,*,*,*,*,*
법무,1786,3545,0,NNP,*,F,법무,*,*,*,*,*
법무회계,1786,3545,0,NNP,*,F,법무회계,*,*,*,*,*
문화,1786,3545,0,NNP,*,F,문화,*,*,*,*,*
운동관련사업,1786,3546,0,NNP,*,T,운동관련사업,*,*,*,*,*
운동,1786,3546,0,NNP,*,T,운동,*,*,*,*,*
수의사업,1786,3546,0,NNP,*,T,수의사업,*,*,*,*,*
수의사,1786,3545,0,NNP,*,F,수의사,*,*,*,*,*
의사,1786,3545,0,NNP,*,F,의사,*,*,*,*,*
식당업,1786,3546,0,NNP,*,T,식당업,*,*,*,*,*
수리용품수리업,1786,3546,0,NNP,*,T,수리용품수리업,*,*,*,*,*
수리용품수리,1786,3545,0,NNP,*,F,수리용품수리,*,*,*,*,*
수리용품,1786,3546,0,NNP,*,T,수리용품,*,*,*,*,*
상품대여종사자,1786,3545,0,NNP,*,F,상품대여종사자,*,*,*,*,*
상품대여,1786,3545,0,NNP,*,F,상품대여,*,*,*,*,*
대여,1786,3545,0,NNP,*,F,대여,*,*,*,*,*
환경보건,1786,3546,0,NNP,*,T,환경보건,*,*,*,*,*
비영리,1786,3545,0,NNP,*,F,비영리,*,*,*,*,*
민간단체,1786,3546,0,NNP,*,T,민간단체,*,*,*,*,*
민간,1786,3546,0,NNP,*,T,민간,*,*,*,*,*
영리,1786,3545,0,NNP,*,F,영리,*,*,*,*,*
광업,1786,3546,0,NNP,*,T,광업,*,*,*,*,*
세공업,1786,3546,0,NNP,*,T,세공업,*,*,*,*,*
세공,1786,3546,0,NNP,*,T,세공,*,*,*,*,*
게임용구,1786,3545,0,NNP,*,F,게임용구,*,*,*,*,*
게임,1786,3546,0,NNP,*,T,게임,*,*,*,*,*
냉난반장치,1786,3545,0,NNP,*,F,냉난반장치,*,*,*,*,*
운송지원,1786,3546,0,NNP,*,T,운송지원,*,*,*,*,*
전시,1786,3545,0,NNP,*,F,전시,*,*,*,*,*
컨벤션,1786,3546,0,NNP,*,T,컨벤션,*,*,*,*,*
행사,1786,3545,0,NNP,*,F,행사,*,*,*,*,*
대행업,1786,3546,0,NNP,*,T,대행업,*,*,*,*,*
대행업체,1786,3546,0,NNP,*,T,대행업체,*,*,*,*,*
대행,1786,3546,0,NNP,*,T,대행,*,*,*,*,*
건물청소업,1786,3546,0,NNP,*,T,건물청소업,*,*,*,*,*
건물청소,1786,3545,0,NNP,*,F,건물청소,*,*,*,*,*
석회제조업,1786,3546,0,NNP,*,T,석회제조업,*,*,*,*,*
석회제조,1786,3545,0,NNP,*,F,석회제조,*,*,*,*,*
석회,1786,3545,0,NNP,*,F,석회,*,*,*,*,*
측량기계기구제조업,1786,3546,0,NNP,*,T,측량기계기구제조업,*,*,*,*,*
측량기계기구제조,1786,3545,0,NNP,*,F,측량기계기구제조,*,*,*,*,*
측량기계기구,1786,3545,0,NNP,*,F,측량기계기구,*,*,*,*,*
측량,1786,3546,0,NNP,*,T,측량,*,*,*,*,*
측량기계,1786,3545,0,NNP,*,F,측량기계,*,*,*,*,*
석탄광업소,1786,3545,0,NNP,*,F,석탄광업소,*,*,*,*,*
요양센터,1786,3545,0,NNP,*,F,요양센터,*,*,*,*,*
냉·난방,1786,3546,0,NNP,*,T,냉·난방,*,*,*,*,*
과학기기,1786,3545,0,NNP,*,F,과학기기,*,*,*,*,*
정밀,1786,3546,0,NNP,*,T,정밀,*,*,*,*,*
오토바이,1786,3545,0,NNP,*,F,오토바이,*,*,*,*,*
가구생산,1786,3546,0,NNP,*,T,가구생산,*,*,*,*,*
지하철,1786,3546,0,NNP,*,T,지하철,*,*,*,*,*
건축물,1786,3546,0,NNP,*,T,건축물,*,*,*,*,*
청소업,1786,3546,0,NNP,*,T,청소업,*,*,*,*,*
요양원,1786,3546,0,NNP,*,T,요양원,*,*,*,*,*
건축자재,1786,3546,0,NNP,*,T,건축자재,*,*,*,*,*
자재,1786,3546,0,NNP,*,T,자재,*,*,*,*,*
철도운송업,1786,3546,0,NNP,*,T,철도운송업,*,*,*,*,*
철도운송,1786,3546,0,NNP,*,T,철도운송,*,*,*,*,*
사무기기,1786,3545,0,NNP,*,F,사무기기,*,*,*,*,*
기기,1786,3545,0,NNP,*,F,기기,*,*,*,*,*
석탄선별업,1786,3546,0,NNP,*,T,석탄선별업,*,*,*,*,*
석탄선별,1786,3546,0,NNP,*,T,석탄선별,*,*,*,*,*
석탄,1786,3546,0,NNP,*,T,석탄,*,*,*,*,*
장애우,1786,3545,0,NNP,*,F,장애우,*,*,*,*,*
활동지원,1786,3546,0,NNP,*,T,활동지원,*,*,*,*,*
지원업,1786,3546,0,NNP,*,T,지원업,*,*,*,*,*
커피전문점,1786,3546,0,NNP,*,T,커피전문점,*,*,*,*,*
커피,1786,3545,0,NNP,*,F,커피,*,*,*,*,*
환경미화,1786,3545,0,NNP,*,F,환경미화,*,*,*,*,*
기타각종사업,1786,3546,0,NNP,*,T,기타각종사업,*,*,*,*,*
각종사업,1786,3546,0,NNP,*,T,각종사업,*,*,*,*,*
물류도·소매,1786,3546,0,NNP,*,T,물류도·소매,*,*,*,*,*
경비,1786,3545,0,NNP,*,F,경비,*,*,*,*,*
전장부품,1786,3546,0,NNP,*,T,전장부품,*,*,*,*,*
멀티미디어,1786,3545,0,NNP,*,F,멀티미디어,*,*,*,*,*
전장,1786,3546,0,NNP,*,T,전장,*,*,*,*,*
자동차전장,1786,3546,0,NNP,*,T,자동차전장,*,*,*,*,*
자동차 전장,1786,3546,0,NNP,*,T,자동차 전장,*,*,*,*,*
보험관련서비스업,1786,3546,0,NNP,*,T,보험관련서비스업,*,*,*,*,*
보험관련,1786,3546,0,NNP,*,T,보험관련,*,*,*,*,*
귀금속,1786,3546,0,NNP,*,T,귀금속,*,*,*,*,*
컴퓨터 자수,1786,3545,0,NNP,*,F,컴퓨터 자수,*,*,*,*,*
자수,1786,3545,0,NNP,*,F,자수,*,*,*,*,*
사진제판식자,1786,3545,0,NNP,*,F,사진제판식자,*,*,*,*,*
사진,1786,3546,0,NNP,*,T,사진,*,*,*,*,*
사진제판,1786,3546,0,NNP,*,T,사진제판,*,*,*,*,*
사진식자,1786,3545,0,NNP,*,F,사진식자,*,*,*,*,*
식사,1786,3545,0,NNP,*,F,식사,*,*,*,*,*
일반제제업,1786,3546,0,NNP,*,T,일반제제업,*,*,*,*,*
외주,1786,3545,0,NNP,*,F,외주,*,*,*,*,*
발주,1786,3545,0,NNP,*,F,발주,*,*,*,*,*
납품,1786,3546,0,NNP,*,T,납품,*,*,*,*,*
의류제작,1786,3546,0,NNP,*,T,의류제작,*,*,*,*,*
매장,1786,3546,0,NNP,*,T,매장,*,*,*,*,*
기업,1786,3546,0,NNP,*,T,기업,*,*,*,*,*
수해전반,1786,3546,0,NNP,*,T,수해전반,*,*,*,*,*
벌목업,1786,3546,0,NNP,*,T,벌목업,*,*,*,*,*
벌목,1786,3546,0,NNP,*,T,벌목,*,*,*,*,*
조적,1786,3546,0,NNP,*,T,조적,*,*,*,*,*
의류부자재,1786,3546,0,NNP,*,T,의류부자재,*,*,*,*,*
부자재,1786,3546,0,NNP,*,T,부자재,*,*,*,*,*
의료업,1786,3546,0,NNP,*,T,의료업,*,*,*,*,*
의료,1786,3545,0,NNP,*,F,의료,*,*,*,*,*
채소류,1786,3545,0,NNP,*,F,채소류,*,*,*,*,*
서류,1786,3545,0,NNP,*,F,서류,*,*,*,*,*
향신작물류,1786,3545,0,NNP,*,F,향신작물류,*,*,*,*,*
향신작물,1786,3546,0,NNP,*,T,향신작물,*,*,*,*,*
채소,1786,3545,0,NNP,*,F,채소,*,*,*,*,*
농자재,1786,3546,0,NNP,*,T,농자재,*,*,*,*,*
비거주 복지서비스,1786,3545,0,NNP,*,F,비거주 복지서비스,*,*,*,*,*
복지서비스,1786,3545,0,NNP,*,F,복지서비스,*,*,*,*,*
비거주,1786,3545,0,NNP,*,F,비거주,*,*,*,*,*
육가공업,1786,3546,0,NNP,*,T,육가공업,*,*,*,*,*
사회서비스,1786,3545,0,NNP,*,F,사회서비스,*,*,*,*,*
행정,1786,3546,0,NNP,*,T,행정,*,*,*,*,*
제과제조,1786,3545,0,NNP,*,F,제과제조,*,*,*,*,*
제과,1786,3545,0,NNP,*,F,제과,*,*,*,*,*
사상,1786,3546,0,NNP,*,T,사상,*,*,*,*,*
사상제품,1786,3546,0,NNP,*,T,사상제품,*,*,*,*,*
사상 제품,1786,3546,0,NNP,*,T,사상 제품,*,*,*,*,*
야채및과실의통조림과기타절임식료품제조업,1786,3546,0,NNP,*,T,야채및과실의통조림과기타절임식료품제조업,*,*,*,*,*
기타금속품제조업,1786,3546,0,NNP,*,T,기타금속품제조업,*,*,*,*,*
금속품제조업,1786,3546,0,NNP,*,T,금속품제조업,*,*,*,*,*
금속품제조,1786,3545,0,NNP,*,F,금속품제조,*,*,*,*,*
기타금속품제조,1786,3545,0,NNP,*,F,기타금속품제조,*,*,*,*,*
기타금속품,1786,3546,0,NNP,*,T,기타금속품,*,*,*,*,*
전문디자인업,1786,3546,0,NNP,*,T,전문디자인업,*,*,*,*,*
전문디자인,1786,3546,0,NNP,*,T,전문디자인,*,*,*,*,*
디자인,1786,3546,0,NNP,*,T,디자인,*,*,*,*,*
디자인업,1786,3546,0,NNP,*,T,디자인업,*,*,*,*,*
플라스틱창문,1786,3546,0,NNP,*,T,플라스틱창문,*,*,*,*,*
창문,1786,3546,0,NNP,*,T,창문,*,*,*,*,*
난간대,1786,3546,0,NNP,*,T,난간대,*,*,*,*,*
항공운수업,1786,3546,0,NNP,*,T,항공운수업,*,*,*,*,*
기술서비스업,1786,3546,0,NNP,*,T,기술서비스업,*,*,*,*,*
기술서비스업체,1786,3546,0,NNP,*,T,기술서비스업체,*,*,*,*,*
광업소,1786,3545,0,NNP,*,F,광업소,*,*,*,*,*
식육포장처리업,1786,3546,0,NNP,*,T,식육포장처리업,*,*,*,*,*
식육포장처리,1786,3545,0,NNP,*,F,식육포장처리,*,*,*,*,*
식육포장,1786,3546,0,NNP,*,T,식육포장,*,*,*,*,*
작물생산업,1786,3546,0,NNP,*,T,작물생산업,*,*,*,*,*
작물생산,1786,3546,0,NNP,*,T,작물생산,*,*,*,*,*
작물,1786,3546,0,NNP,*,T,작물,*,*,*,*,*
무연 탄광업,1786,3546,0,NNP,*,T,무연 탄광업,*,*,*,*,*
무연,1786,3546,0,NNP,*,T,무연,*,*,*,*,*
무연탄광업,1786,3546,0,NNP,*,T,무연탄광업,*,*,*,*,*
탄광업,1786,3546,0,NNP,*,T,탄광업,*,*,*,*,*
탄광,1786,3546,0,NNP,*,T,탄광,*,*,*,*,*
무연탄광,1786,3546,0,NNP,*,T,무연탄광,*,*,*,*,*
차량정비업,1786,3546,0,NNP,*,T,차량정비업,*,*,*,*,*
차량정비,1786,3545,0,NNP,*,F,차량정비,*,*,*,*,*
제빵,1786,3546,0,NNP,*,T,제빵,*,*,*,*,*
종합관리사원,1786,3546,0,NNP,*,T,종합관리사원,*,*,*,*,*
종합관리사,1786,3545,0,NNP,*,F,종합관리사,*,*,*,*,*
교재,1786,3546,0,NNP,*,T,교재,*,*,*,*,*
원목제재업,1786,3546,0,NNP,*,T,원목제재업,*,*,*,*,*
원목제재,1786,3546,0,NNP,*,T,원목제재,*,*,*,*,*
원목,1786,3546,0,NNP,*,T,원목,*,*,*,*,*
천연수지제조업,1786,3546,0,NNP,*,T,천연수지제조업,*,*,*,*,*
천연수지제조,1786,3545,0,NNP,*,F,천연수지제조,*,*,*,*,*
천연수지,1786,3545,0,NNP,*,F,천연수지,*,*,*,*,*
연탄,1786,3546,0,NNP,*,T,연탄,*,*,*,*,*
응집고체연료,1786,3545,0,NNP,*,F,응집고체연료,*,*,*,*,*
고체연료,1786,3545,0,NNP,*,F,고체연료,*,*,*,*,*
생산업,1786,3546,0,NNP,*,T,생산업,*,*,*,*,*
화장,1786,3546,0,NNP,*,T,화장,*,*,*,*,*
묘지관리,1786,3545,0,NNP,*,F,묘지관리,*,*,*,*,*
분양업,1786,3546,0,NNP,*,T,분양업,*,*,*,*,*
공해방지용,1786,3546,0,NNP,*,T,공해방지용,*,*,*,*,*
집진기,1786,3545,0,NNP,*,F,집진기,*,*,*,*,*
휠타,1786,3545,0,NNP,*,F,휠타,*,*,*,*,*
백필터,1786,3545,0,NNP,*,F,백필터,*,*,*,*,*
보건업,1786,3546,0,NNP,*,T,보건업,*,*,*,*,*
유통업체,1786,3546,0,NNP,*,T,유통업체,*,*,*,*,*
목재자구제조업,1786,3546,0,NNP,*,T,목재자구제조업,*,*,*,*,*
자동차정비업,1786,3546,0,NNP,*,T,자동차정비업,*,*,*,*,*
주식회사,1786,3545,0,NNP,*,F,주식회사,*,*,*,*,*
건물종합관리,1786,3545,0,NNP,*,F,건물종합관리,*,*,*,*,*
요리,1786,3545,0,NNP,*,F,요리,*,*,*,*,*
블록,1786,3546,0,NNP,*,T,블록,*,*,*,*,*
박스,1786,3545,0,NNP,*,F,박스,*,*,*,*,*
경차,1786,3545,0,NNP,*,F,경차,*,*,*,*,*
소형,1786,3546,0,NNP,*,T,소형,*,*,*,*,*
미용,1786,3546,0,NNP,*,T,미용,*,*,*,*,*
소방관,1786,3546,0,NNP,*,T,소방관,*,*,*,*,*
컨베이어,1786,3545,0,NNP,*,F,컨베이어,*,*,*,*,*
시설물,1786,3546,0,NNP,*,T,시설물,*,*,*,*,*
검사,1786,3545,0,NNP,*,F,검사,*,*,*,*,*
사이클,1786,3546,0,NNP,*,T,사이클,*,*,*,*,*
엔진,1786,3546,0,NNP,*,T,엔진,*,*,*,*,*
공업,1786,3546,0,NNP,*,T,공업,*,*,*,*,*
출판인,1786,3546,0,NNP,*,T,출판인,*,*,*,*,*
펌프,1786,3545,0,NNP,*,F,펌프,*,*,*,*,*
인쇄물,1786,3546,0,NNP,*,T,인쇄물,*,*,*,*,*
모터,1786,3545,0,NNP,*,F,모터,*,*,*,*,*
드라이,1786,3545,0,NNP,*,F,드라이,*,*,*,*,*
무연탄,1786,3546,0,NNP,*,T,무연탄,*,*,*,*,*
냉동,1786,3546,0,NNP,*,T,냉동,*,*,*,*,*
석공,1786,3546,0,NNP,*,T,석공,*,*,*,*,*
보호,1786,3545,0,NNP,*,F,보호,*,*,*,*,*
회계,1786,3545,0,NNP,*,F,회계,*,*,*,*,*
금속품,1786,3546,0,NNP,*,T,금속품,*,*,*,*,*
