포장재,1786,3546,0,NNP,*,T,포장재,*,*,*,*,*
테스트,1786,3545,0,NNP,*,F,테스트,*,*,*,*,*
줄눈,1786,3546,0,NNP,*,T,줄눈,*,*,*,*,*
생산설비,1786,3545,0,NNP,*,F,생산설비,*,*,*,*,*
제과,1786,3545,0,NNP,*,F,제과,*,*,*,*,*
통신장비,1786,3545,0,NNP,*,F,통신장비,*,*,*,*,*
냉난방기,1786,3545,0,NNP,*,F,냉난방기,*,*,*,*,*
소분작업,1786,3546,0,NNP,*,T,소분작업,*,*,*,*,*
배달원,1786,3546,0,NNP,*,T,배달원,*,*,*,*,*
언더커버,1786,3545,0,NNP,*,F,언더커버,*,*,*,*,*
단조,1786,3545,0,NNP,*,F,단조,*,*,*,*,*
영양사,1786,3545,0,NNP,*,F,영양사,*,*,*,*,*
설비정비,1786,3545,0,NNP,*,F,설비정비,*,*,*,*,*
보호사,1786,3545,0,NNP,*,F,보호사,*,*,*,*,*
차체보전,1786,3546,0,NNP,*,T,차체보전,*,*,*,*,*
물품,1786,3546,0,NNP,*,T,물품,*,*,*,*,*
트럭부,1786,3545,0,NNP,*,F,트럭부,*,*,*,*,*
금속스프링,1786,3546,0,NNP,*,T,금속스프링,*,*,*,*,*
정비원,1786,3546,0,NNP,*,T,정비원,*,*,*,*,*
예초기,1786,3545,0,NNP,*,F,예초기,*,*,*,*,*
장어손질작업,1786,3546,0,NNP,*,T,장어손질작업,*,*,*,*,*
기계장비정비원,1786,3546,0,NNP,*,T,기계장비정비원,*,*,*,*,*
판넬,1786,3546,0,NNP,*,T,판넬,*,*,*,*,*
기저귀,1786,3545,0,NNP,*,F,기저귀,*,*,*,*,*
상품,1786,3546,0,NNP,*,T,상품,*,*,*,*,*
봉합,1786,3546,0,NNP,*,T,봉합,*,*,*,*,*
보조업무,1786,3545,0,NNP,*,F,보조업무,*,*,*,*,*
교육,1786,3546,0,NNP,*,T,교육,*,*,*,*,*
생명,1786,3546,0,NNP,*,T,생명,*,*,*,*,*
김치,1786,3545,0,NNP,*,F,김치,*,*,*,*,*
펌프,1786,3545,0,NNP,*,F,펌프,*,*,*,*,*
고무판,1786,3546,0,NNP,*,T,고무판,*,*,*,*,*
케플라이,1786,3545,0,NNP,*,F,케플라이,*,*,*,*,*
세척원,1786,3546,0,NNP,*,T,세척원,*,*,*,*,*
완제품,1786,3546,0,NNP,*,T,완제품,*,*,*,*,*
가구포장,1786,3546,0,NNP,*,T,가구포장,*,*,*,*,*
정육,1786,3546,0,NNP,*,T,정육,*,*,*,*,*
입출고,1786,3545,0,NNP,*,F,입출고,*,*,*,*,*
시스템,1786,3546,0,NNP,*,T,시스템,*,*,*,*,*
안전화,1786,3545,0,NNP,*,F,안전화,*,*,*,*,*
전자관,1786,3546,0,NNP,*,T,전자관,*,*,*,*,*
잡부,1786,3545,0,NNP,*,F,잡부,*,*,*,*,*
미장작업,1786,3546,0,NNP,*,T,미장작업,*,*,*,*,*
신축이음,1786,3546,0,NNP,*,T,신축이음,*,*,*,*,*
빗자루,1786,3545,0,NNP,*,F,빗자루,*,*,*,*,*
차단기,1786,3545,0,NNP,*,F,차단기,*,*,*,*,*
로봇공학,1786,3546,0,NNP,*,T,로봇공학,*,*,*,*,*
주문,1786,3546,0,NNP,*,T,주문,*,*,*,*,*
조립,1786,3546,0,NNP,*,T,조립,*,*,*,*,*
용접기,1786,3545,0,NNP,*,F,용접기,*,*,*,*,*
파이프,1786,3545,0,NNP,*,F,파이프,*,*,*,*,*
상담,1786,3546,0,NNP,*,T,상담,*,*,*,*,*
생산업무,1786,3545,0,NNP,*,F,생산업무,*,*,*,*,*
비금속,1786,3546,0,NNP,*,T,비금속,*,*,*,*,*
법률,1786,3546,0,NNP,*,T,법률,*,*,*,*,*
환경,1786,3546,0,NNP,*,T,환경,*,*,*,*,*
판매직,1786,3546,0,NNP,*,T,판매직,*,*,*,*,*
생산,1786,3546,0,NNP,*,T,생산,*,*,*,*,*
식당,1786,3546,0,NNP,*,T,식당,*,*,*,*,*
하체,1786,3546,0,NNP,*,T,하체,*,*,*,*,*
자동차조립라인,1786,3546,0,NNP,*,T,자동차조립라인,*,*,*,*,*
창호,1786,3545,0,NNP,*,F,창호,*,*,*,*,*
종사원,1786,3546,0,NNP,*,T,종사원,*,*,*,*,*
한약,1786,3546,0,NNP,*,T,한약,*,*,*,*,*
정보,1786,3545,0,NNP,*,F,정보,*,*,*,*,*
확관,1786,3546,0,NNP,*,T,확관,*,*,*,*,*
어업,1786,3546,0,NNP,*,T,어업,*,*,*,*,*
냉각수,1786,3545,0,NNP,*,F,냉각수,*,*,*,*,*
물건,1786,3546,0,NNP,*,T,물건,*,*,*,*,*
전자공학,1786,3546,0,NNP,*,T,전자공학,*,*,*,*,*
비금속제품,1786,3546,0,NNP,*,T,비금속제품,*,*,*,*,*
현상,1786,3546,0,NNP,*,T,현상,*,*,*,*,*
웨딩,1786,3546,0,NNP,*,T,웨딩,*,*,*,*,*
고속,1786,3546,0,NNP,*,T,고속,*,*,*,*,*
장애인활동도우미,1786,3545,0,NNP,*,F,장애인활동도우미,*,*,*,*,*
레일,1786,3546,0,NNP,*,T,레일,*,*,*,*,*
조장,1786,3546,0,NNP,*,T,조장,*,*,*,*,*
분리,1786,3545,0,NNP,*,F,분리,*,*,*,*,*
발포헤드,1786,3545,0,NNP,*,F,발포헤드,*,*,*,*,*
온라인,1786,3546,0,NNP,*,T,온라인,*,*,*,*,*
목공,1786,3546,0,NNP,*,T,목공,*,*,*,*,*
의료기사,1786,3545,0,NNP,*,F,의료기사,*,*,*,*,*
냉동,1786,3546,0,NNP,*,T,냉동,*,*,*,*,*
지체장애학생,1786,3546,0,NNP,*,T,지체장애학생,*,*,*,*,*
프레스기계,1786,3545,0,NNP,*,F,프레스기계,*,*,*,*,*
패킹,1786,3546,0,NNP,*,T,패킹,*,*,*,*,*
송출,1786,3546,0,NNP,*,T,송출,*,*,*,*,*
쇄석,1786,3546,0,NNP,*,T,쇄석,*,*,*,*,*
사무원,1786,3546,0,NNP,*,T,사무원,*,*,*,*,*
슬리터,1786,3545,0,NNP,*,F,슬리터,*,*,*,*,*
행사,1786,3545,0,NNP,*,F,행사,*,*,*,*,*
유제품,1786,3546,0,NNP,*,T,유제품,*,*,*,*,*
공장,1786,3546,0,NNP,*,T,공장,*,*,*,*,*
바닥,1786,3546,0,NNP,*,T,바닥,*,*,*,*,*
금속가공,1786,3546,0,NNP,*,T,금속가공,*,*,*,*,*
고무제품,1786,3546,0,NNP,*,T,고무제품,*,*,*,*,*
오수처리,1786,3545,0,NNP,*,F,오수처리,*,*,*,*,*
공연,1786,3546,0,NNP,*,T,공연,*,*,*,*,*
쇼크업,1786,3546,0,NNP,*,T,쇼크업,*,*,*,*,*
기계장치제조,1786,3545,0,NNP,*,F,기계장치제조,*,*,*,*,*
거치대,1786,3546,0,NNP,*,T,거치대,*,*,*,*,*
지게차,1786,3545,0,NNP,*,F,지게차,*,*,*,*,*
중량물,1786,3546,0,NNP,*,T,중량물,*,*,*,*,*
작업반장,1786,3546,0,NNP,*,T,작업반장,*,*,*,*,*
영업관리,1786,3545,0,NNP,*,F,영업관리,*,*,*,*,*
자루,1786,3545,0,NNP,*,F,자루,*,*,*,*,*
경비원,1786,3546,0,NNP,*,T,경비원,*,*,*,*,*
계기판,1786,3546,0,NNP,*,T,계기판,*,*,*,*,*
소경,1786,3546,0,NNP,*,T,소경,*,*,*,*,*
웨딩홀,1786,3546,0,NNP,*,T,웨딩홀,*,*,*,*,*
가접,1786,3546,0,NNP,*,T,가접,*,*,*,*,*
주유구,1786,3545,0,NNP,*,F,주유구,*,*,*,*,*
물류센터,1786,3545,0,NNP,*,F,물류센터,*,*,*,*,*
시설관리,1786,3545,0,NNP,*,F,시설관리,*,*,*,*,*
형틀목공,1786,3546,0,NNP,*,T,형틀목공,*,*,*,*,*
드릴,1786,3546,0,NNP,*,T,드릴,*,*,*,*,*
담당구역청소작업,1786,3546,0,NNP,*,T,담당구역청소작업,*,*,*,*,*
재활용품분류원,1786,3546,0,NNP,*,T,재활용품분류원,*,*,*,*,*
이동,1786,3546,0,NNP,*,T,이동,*,*,*,*,*
알루미늄,1786,3546,0,NNP,*,T,알루미늄,*,*,*,*,*
발인,1786,3546,0,NNP,*,T,발인,*,*,*,*,*
발포기계,1786,3545,0,NNP,*,F,발포기계,*,*,*,*,*
택배포장,1786,3546,0,NNP,*,T,택배포장,*,*,*,*,*
버스차체도장부,1786,3545,0,NNP,*,F,버스차체도장부,*,*,*,*,*
쇄석기실,1786,3546,0,NNP,*,T,쇄석기실,*,*,*,*,*
박스,1786,3545,0,NNP,*,F,박스,*,*,*,*,*
사료,1786,3545,0,NNP,*,F,사료,*,*,*,*,*
이동대차,1786,3545,0,NNP,*,F,이동대차,*,*,*,*,*
돌봄,1786,3546,0,NNP,*,T,돌봄,*,*,*,*,*
진행,1786,3546,0,NNP,*,T,진행,*,*,*,*,*
공학,1786,3546,0,NNP,*,T,공학,*,*,*,*,*
염색,1786,3546,0,NNP,*,T,염색,*,*,*,*,*
방문,1786,3546,0,NNP,*,T,방문,*,*,*,*,*
바닥청소작업,1786,3546,0,NNP,*,T,바닥청소작업,*,*,*,*,*
유지관리,1786,3545,0,NNP,*,F,유지관리,*,*,*,*,*
소비자,1786,3545,0,NNP,*,F,소비자,*,*,*,*,*
수거업체,1786,3546,0,NNP,*,T,수거업체,*,*,*,*,*
영상,1786,3546,0,NNP,*,T,영상,*,*,*,*,*
아우터,1786,3545,0,NNP,*,F,아우터,*,*,*,*,*
활어손질,1786,3546,0,NNP,*,T,활어손질,*,*,*,*,*
지원사업,1786,3546,0,NNP,*,T,지원사업,*,*,*,*,*
전기톱,1786,3546,0,NNP,*,T,전기톱,*,*,*,*,*
인문,1786,3546,0,NNP,*,T,인문,*,*,*,*,*
수출,1786,3546,0,NNP,*,T,수출,*,*,*,*,*
유리병,1786,3546,0,NNP,*,T,유리병,*,*,*,*,*
프레시백,1786,3546,0,NNP,*,T,프레시백,*,*,*,*,*
홍보,1786,3545,0,NNP,*,F,홍보,*,*,*,*,*
전문가,1786,3545,0,NNP,*,F,전문가,*,*,*,*,*
간병,1786,3546,0,NNP,*,T,간병,*,*,*,*,*
H빔,1786,3546,0,NNP,*,T,H빔,*,*,*,*,*
유치원교사,1786,3545,0,NNP,*,F,유치원교사,*,*,*,*,*
몰딩,1786,3546,0,NNP,*,T,몰딩,*,*,*,*,*
홀,1786,3546,0,NNP,*,T,홀,*,*,*,*,*
웹,1786,3546,0,NNP,*,T,웹,*,*,*,*,*
보조원,1786,3546,0,NNP,*,T,보조원,*,*,*,*,*
샤시조립,1786,3546,0,NNP,*,T,샤시조립,*,*,*,*,*
선박블록,1786,3546,0,NNP,*,T,선박블록,*,*,*,*,*
전기공,1786,3546,0,NNP,*,T,전기공,*,*,*,*,*
사고차,1786,3545,0,NNP,*,F,사고차,*,*,*,*,*
냉장고,1786,3545,0,NNP,*,F,냉장고,*,*,*,*,*
서빙,1786,3546,0,NNP,*,T,서빙,*,*,*,*,*
운송,1786,3546,0,NNP,*,T,운송,*,*,*,*,*
하차작업,1786,3546,0,NNP,*,T,하차작업,*,*,*,*,*
철판,1786,3546,0,NNP,*,T,철판,*,*,*,*,*
항공기,1786,3545,0,NNP,*,F,항공기,*,*,*,*,*
포장이사,1786,3545,0,NNP,*,F,포장이사,*,*,*,*,*
철거,1786,3545,0,NNP,*,F,철거,*,*,*,*,*
자동차부분품제조,1786,3545,0,NNP,*,F,자동차부분품제조,*,*,*,*,*
타일공,1786,3546,0,NNP,*,T,타일공,*,*,*,*,*
세척작업,1786,3546,0,NNP,*,T,세척작업,*,*,*,*,*
건설관련근로자,1786,3545,0,NNP,*,F,건설관련근로자,*,*,*,*,*
발전,1786,3546,0,NNP,*,T,발전,*,*,*,*,*
와이어,1786,3545,0,NNP,*,F,와이어,*,*,*,*,*
핸드폰거치대,1786,3546,0,NNP,*,T,핸드폰거치대,*,*,*,*,*
직영,1786,3546,0,NNP,*,T,직영,*,*,*,*,*
마트,1786,3545,0,NNP,*,F,마트,*,*,*,*,*
경량철골,1786,3546,0,NNP,*,T,경량철골,*,*,*,*,*
기관사,1786,3545,0,NNP,*,F,기관사,*,*,*,*,*
복지,1786,3545,0,NNP,*,F,복지,*,*,*,*,*
도우미,1786,3545,0,NNP,*,F,도우미,*,*,*,*,*
언로딩,1786,3546,0,NNP,*,T,언로딩,*,*,*,*,*
재활,1786,3546,0,NNP,*,T,재활,*,*,*,*,*
자동,1786,3546,0,NNP,*,T,자동,*,*,*,*,*
사다리,1786,3545,0,NNP,*,F,사다리,*,*,*,*,*
이사운반,1786,3546,0,NNP,*,T,이사운반,*,*,*,*,*
순찰,1786,3546,0,NNP,*,T,순찰,*,*,*,*,*
할석,1786,3546,0,NNP,*,T,할석,*,*,*,*,*
육상,1786,3546,0,NNP,*,T,육상,*,*,*,*,*
도장부,1786,3545,0,NNP,*,F,도장부,*,*,*,*,*
타설공,1786,3546,0,NNP,*,T,타설공,*,*,*,*,*
시설요양,1786,3546,0,NNP,*,T,시설요양,*,*,*,*,*
외장,1786,3546,0,NNP,*,T,외장,*,*,*,*,*
수령,1786,3546,0,NNP,*,T,수령,*,*,*,*,*
다이맨,1786,3546,0,NNP,*,T,다이맨,*,*,*,*,*
소모품,1786,3546,0,NNP,*,T,소모품,*,*,*,*,*
검표,1786,3545,0,NNP,*,F,검표,*,*,*,*,*
영업지원,1786,3546,0,NNP,*,T,영업지원,*,*,*,*,*
현장시공,1786,3546,0,NNP,*,T,현장시공,*,*,*,*,*
차량정비직,1786,3546,0,NNP,*,T,차량정비직,*,*,*,*,*
모종,1786,3546,0,NNP,*,T,모종,*,*,*,*,*
냉동탑차,1786,3545,0,NNP,*,F,냉동탑차,*,*,*,*,*
장류,1786,3545,0,NNP,*,F,장류,*,*,*,*,*
익스텐션,1786,3546,0,NNP,*,T,익스텐션,*,*,*,*,*
재료 공학,1786,3546,0,NNP,*,T,재료 공학,*,*,*,*,*
날,1786,3546,0,NNP,*,T,날,*,*,*,*,*
소비자용품,1786,3546,0,NNP,*,T,소비자용품,*,*,*,*,*
물건수집,1786,3546,0,NNP,*,T,물건수집,*,*,*,*,*
네트워크,1786,3545,0,NNP,*,F,네트워크,*,*,*,*,*
소방차,1786,3545,0,NNP,*,F,소방차,*,*,*,*,*
연구,1786,3545,0,NNP,*,F,연구,*,*,*,*,*
물리치료,1786,3545,0,NNP,*,F,물리치료,*,*,*,*,*
장비개발,1786,3546,0,NNP,*,T,장비개발,*,*,*,*,*
세공원,1786,3546,0,NNP,*,T,세공원,*,*,*,*,*
고객,1786,3546,0,NNP,*,T,고객,*,*,*,*,*
간호,1786,3545,0,NNP,*,F,간호,*,*,*,*,*
생산직,1786,3546,0,NNP,*,T,생산직,*,*,*,*,*
앙카,1786,3545,0,NNP,*,F,앙카,*,*,*,*,*
경찰,1786,3546,0,NNP,*,T,경찰,*,*,*,*,*
집하장,1786,3546,0,NNP,*,T,집하장,*,*,*,*,*
스포츠,1786,3545,0,NNP,*,F,스포츠,*,*,*,*,*
롤러,1786,3545,0,NNP,*,F,롤러,*,*,*,*,*
집품,1786,3546,0,NNP,*,T,집품,*,*,*,*,*
폐가구,1786,3545,0,NNP,*,F,폐가구,*,*,*,*,*
팔레트,1786,3545,0,NNP,*,F,팔레트,*,*,*,*,*
하체정비,1786,3545,0,NNP,*,F,하체정비,*,*,*,*,*
경향,1786,3546,0,NNP,*,T,경향,*,*,*,*,*
보호,1786,3545,0,NNP,*,F,보호,*,*,*,*,*
폐기물,1786,3546,0,NNP,*,T,폐기물,*,*,*,*,*
단순종사원,1786,3546,0,NNP,*,T,단순종사원,*,*,*,*,*
반도체소자,1786,3545,0,NNP,*,F,반도체소자,*,*,*,*,*
시내버스,1786,3545,0,NNP,*,F,시내버스,*,*,*,*,*
세척,1786,3546,0,NNP,*,T,세척,*,*,*,*,*
옵셋기,1786,3545,0,NNP,*,F,옵셋기,*,*,*,*,*
굴삭기,1786,3545,0,NNP,*,F,굴삭기,*,*,*,*,*
판매원,1786,3546,0,NNP,*,T,판매원,*,*,*,*,*
다시마,1786,3545,0,NNP,*,F,다시마,*,*,*,*,*
식사지원,1786,3546,0,NNP,*,T,식사지원,*,*,*,*,*
전자부품,1786,3546,0,NNP,*,T,전자부품,*,*,*,*,*
사출성형,1786,3546,0,NNP,*,T,사출성형,*,*,*,*,*
제조품질,1786,3546,0,NNP,*,T,제조품질,*,*,*,*,*
요금수납기,1786,3545,0,NNP,*,F,요금수납기,*,*,*,*,*
혼례,1786,3545,0,NNP,*,F,혼례,*,*,*,*,*
안전관리원,1786,3546,0,NNP,*,T,안전관리원,*,*,*,*,*
냉장설비,1786,3545,0,NNP,*,F,냉장설비,*,*,*,*,*
업무,1786,3545,0,NNP,*,F,업무,*,*,*,*,*
학예사,1786,3545,0,NNP,*,F,학예사,*,*,*,*,*
폼핀,1786,3546,0,NNP,*,T,폼핀,*,*,*,*,*
채굴,1786,3546,0,NNP,*,T,채굴,*,*,*,*,*
에너지,1786,3545,0,NNP,*,F,에너지,*,*,*,*,*
시추,1786,3545,0,NNP,*,F,시추,*,*,*,*,*
금속공,1786,3546,0,NNP,*,T,금속공,*,*,*,*,*
제관원,1786,3546,0,NNP,*,T,제관원,*,*,*,*,*
부자재,1786,3546,0,NNP,*,T,부자재,*,*,*,*,*
시각,1786,3546,0,NNP,*,T,시각,*,*,*,*,*
본네트,1786,3545,0,NNP,*,F,본네트,*,*,*,*,*
건설구조,1786,3545,0,NNP,*,F,건설구조,*,*,*,*,*
조제,1786,3546,0,NNP,*,T,조제,*,*,*,*,*
산소가스,1786,3545,0,NNP,*,F,산소가스,*,*,*,*,*
플라스틱,1786,3546,0,NNP,*,T,플라스틱,*,*,*,*,*
폐수처리,1786,3545,0,NNP,*,F,폐수처리,*,*,*,*,*
가스,1786,3545,0,NNP,*,F,가스,*,*,*,*,*
분류,1786,3545,0,NNP,*,F,분류,*,*,*,*,*
레이저,1786,3545,0,NNP,*,F,레이저,*,*,*,*,*
집유,1786,3545,0,NNP,*,F,집유,*,*,*,*,*
관제사,1786,3545,0,NNP,*,F,관제사,*,*,*,*,*
산업용로봇,1786,3546,0,NNP,*,T,산업용로봇,*,*,*,*,*
조경,1786,3546,0,NNP,*,T,조경,*,*,*,*,*
톤백,1786,3546,0,NNP,*,T,톤백,*,*,*,*,*
세탁기,1786,3545,0,NNP,*,F,세탁기,*,*,*,*,*
기사,1786,3545,0,NNP,*,F,기사,*,*,*,*,*
정화,1786,3545,0,NNP,*,F,정화,*,*,*,*,*
자동차조립종사자,1786,3545,0,NNP,*,F,자동차조립종사자,*,*,*,*,*
발판,1786,3546,0,NNP,*,T,발판,*,*,*,*,*
검수,1786,3545,0,NNP,*,F,검수,*,*,*,*,*
실린더헤드,1786,3545,0,NNP,*,F,실린더헤드,*,*,*,*,*
손님,1786,3546,0,NNP,*,T,손님,*,*,*,*,*
도금기,1786,3545,0,NNP,*,F,도금기,*,*,*,*,*
계단,1786,3546,0,NNP,*,T,계단,*,*,*,*,*
채반,1786,3546,0,NNP,*,T,채반,*,*,*,*,*
임업,1786,3546,0,NNP,*,T,임업,*,*,*,*,*
변기포장,1786,3546,0,NNP,*,T,변기포장,*,*,*,*,*
걸레,1786,3546,0,NNP,*,T,걸레,*,*,*,*,*
골판,1786,3546,0,NNP,*,T,골판,*,*,*,*,*
사회과학,1786,3546,0,NNP,*,T,사회과학,*,*,*,*,*
자동차,1786,3545,0,NNP,*,F,자동차,*,*,*,*,*
제공,1786,3546,0,NNP,*,T,제공,*,*,*,*,*
관리소,1786,3545,0,NNP,*,F,관리소,*,*,*,*,*
인쇄판,1786,3546,0,NNP,*,T,인쇄판,*,*,*,*,*
드라이버,1786,3545,0,NNP,*,F,드라이버,*,*,*,*,*
철도운송,1786,3546,0,NNP,*,T,철도운송,*,*,*,*,*
머신,1786,3546,0,NNP,*,T,머신,*,*,*,*,*
운반원,1786,3546,0,NNP,*,T,운반원,*,*,*,*,*
제품검사,1786,3545,0,NNP,*,F,제품검사,*,*,*,*,*
이동보조,1786,3545,0,NNP,*,F,이동보조,*,*,*,*,*
광업,1786,3546,0,NNP,*,T,광업,*,*,*,*,*
차체,1786,3546,0,NNP,*,T,차체,*,*,*,*,*
학습,1786,3546,0,NNP,*,T,학습,*,*,*,*,*
실무사,1786,3545,0,NNP,*,F,실무사,*,*,*,*,*
쓰레기,1786,3545,0,NNP,*,F,쓰레기,*,*,*,*,*
물류,1786,3545,0,NNP,*,F,물류,*,*,*,*,*
매장,1786,3546,0,NNP,*,T,매장,*,*,*,*,*
가공,1786,3546,0,NNP,*,T,가공,*,*,*,*,*
원료공급,1786,3546,0,NNP,*,T,원료공급,*,*,*,*,*
악기,1786,3545,0,NNP,*,F,악기,*,*,*,*,*
선어,1786,3545,0,NNP,*,F,선어,*,*,*,*,*
새시,1786,3545,0,NNP,*,F,새시,*,*,*,*,*
용해로,1786,3545,0,NNP,*,F,용해로,*,*,*,*,*
리프트,1786,3545,0,NNP,*,F,리프트,*,*,*,*,*
포장,1786,3546,0,NNP,*,T,포장,*,*,*,*,*
정비팀,1786,3546,0,NNP,*,T,정비팀,*,*,*,*,*
입식지게차,1786,3545,0,NNP,*,F,입식지게차,*,*,*,*,*
선수,1786,3545,0,NNP,*,F,선수,*,*,*,*,*
고철류,1786,3545,0,NNP,*,F,고철류,*,*,*,*,*
원유,1786,3545,0,NNP,*,F,원유,*,*,*,*,*
대여,1786,3545,0,NNP,*,F,대여,*,*,*,*,*
양념,1786,3546,0,NNP,*,T,양념,*,*,*,*,*
컴퓨터,1786,3545,0,NNP,*,F,컴퓨터,*,*,*,*,*
관리자,1786,3545,0,NNP,*,F,관리자,*,*,*,*,*
형틀,1786,3546,0,NNP,*,T,형틀,*,*,*,*,*
용접건,1786,3546,0,NNP,*,T,용접건,*,*,*,*,*
활선,1786,3546,0,NNP,*,T,활선,*,*,*,*,*
승주작업,1786,3546,0,NNP,*,T,승주작업,*,*,*,*,*
소재입고,1786,3545,0,NNP,*,F,소재입고,*,*,*,*,*
배전장치,1786,3545,0,NNP,*,F,배전장치,*,*,*,*,*
조리실장,1786,3546,0,NNP,*,T,조리실장,*,*,*,*,*
창틀,1786,3546,0,NNP,*,T,창틀,*,*,*,*,*
파쇄기,1786,3545,0,NNP,*,F,파쇄기,*,*,*,*,*
일용근로자,1786,3545,0,NNP,*,F,일용근로자,*,*,*,*,*
제빙기,1786,3545,0,NNP,*,F,제빙기,*,*,*,*,*
복합충진,1786,3546,0,NNP,*,T,복합충진,*,*,*,*,*
조작업무,1786,3545,0,NNP,*,F,조작업무,*,*,*,*,*
마이너,1786,3545,0,NNP,*,F,마이너,*,*,*,*,*
공급,1786,3546,0,NNP,*,T,공급,*,*,*,*,*
육제품,1786,3546,0,NNP,*,T,육제품,*,*,*,*,*
고무제품제조,1786,3545,0,NNP,*,F,고무제품제조,*,*,*,*,*
감사,1786,3545,0,NNP,*,F,감사,*,*,*,*,*
접합,1786,3546,0,NNP,*,T,접합,*,*,*,*,*
퇴비,1786,3545,0,NNP,*,F,퇴비,*,*,*,*,*
조합원,1786,3546,0,NNP,*,T,조합원,*,*,*,*,*
문틀,1786,3546,0,NNP,*,T,문틀,*,*,*,*,*
발골,1786,3546,0,NNP,*,T,발골,*,*,*,*,*
주류,1786,3545,0,NNP,*,F,주류,*,*,*,*,*
오퍼레이터,1786,3545,0,NNP,*,F,오퍼레이터,*,*,*,*,*
주물제품,1786,3546,0,NNP,*,T,주물제품,*,*,*,*,*
처리,1786,3545,0,NNP,*,F,처리,*,*,*,*,*
손님응대,1786,3546,0,NNP,*,T,손님응대,*,*,*,*,*
바지선,1786,3546,0,NNP,*,T,바지선,*,*,*,*,*
용해,1786,3546,0,NNP,*,T,용해,*,*,*,*,*
대형폐기물,1786,3546,0,NNP,*,T,대형폐기물,*,*,*,*,*
종사자,1786,3545,0,NNP,*,F,종사자,*,*,*,*,*
썬팅,1786,3546,0,NNP,*,T,썬팅,*,*,*,*,*
대리석,1786,3546,0,NNP,*,T,대리석,*,*,*,*,*
식사지원작업,1786,3546,0,NNP,*,T,식사지원작업,*,*,*,*,*
검표원,1786,3546,0,NNP,*,T,검표원,*,*,*,*,*
제공품,1786,3546,0,NNP,*,T,제공품,*,*,*,*,*
원예,1786,3545,0,NNP,*,F,원예,*,*,*,*,*
쇄석기,1786,3545,0,NNP,*,F,쇄석기,*,*,*,*,*
목재재단,1786,3546,0,NNP,*,T,목재재단,*,*,*,*,*
서스탱크,1786,3545,0,NNP,*,F,서스탱크,*,*,*,*,*
조리,1786,3545,0,NNP,*,F,조리,*,*,*,*,*
농림,1786,3546,0,NNP,*,T,농림,*,*,*,*,*
파렛트,1786,3545,0,NNP,*,F,파렛트,*,*,*,*,*
급식,1786,3546,0,NNP,*,T,급식,*,*,*,*,*
냉동냉장설비,1786,3545,0,NNP,*,F,냉동냉장설비,*,*,*,*,*
극판제조공정,1786,3546,0,NNP,*,T,극판제조공정,*,*,*,*,*
시멘트,1786,3545,0,NNP,*,F,시멘트,*,*,*,*,*
음향,1786,3546,0,NNP,*,T,음향,*,*,*,*,*
선별원,1786,3546,0,NNP,*,T,선별원,*,*,*,*,*
퀵,1786,3546,0,NNP,*,T,퀵,*,*,*,*,*
감귤팔레트,1786,3545,0,NNP,*,F,감귤팔레트,*,*,*,*,*
사무,1786,3545,0,NNP,*,F,사무,*,*,*,*,*
포장및해체작업,1786,3546,0,NNP,*,T,포장및해체작업,*,*,*,*,*
철강운반,1786,3546,0,NNP,*,T,철강운반,*,*,*,*,*
A/S공정,1786,3546,0,NNP,*,T,A/S공정,*,*,*,*,*
연구실,1786,3546,0,NNP,*,T,연구실,*,*,*,*,*
점검,1786,3546,0,NNP,*,T,점검,*,*,*,*,*
버스,1786,3545,0,NNP,*,F,버스,*,*,*,*,*
프레스,1786,3545,0,NNP,*,F,프레스,*,*,*,*,*
비서,1786,3545,0,NNP,*,F,비서,*,*,*,*,*
농축,1786,3546,0,NNP,*,T,농축,*,*,*,*,*
표면,1786,3546,0,NNP,*,T,표면,*,*,*,*,*
보안,1786,3546,0,NNP,*,T,보안,*,*,*,*,*
산소절단기,1786,3545,0,NNP,*,F,산소절단기,*,*,*,*,*
보빈,1786,3546,0,NNP,*,T,보빈,*,*,*,*,*
대학교수,1786,3545,0,NNP,*,F,대학교수,*,*,*,*,*
화장실,1786,3546,0,NNP,*,T,화장실,*,*,*,*,*
자동조립,1786,3546,0,NNP,*,T,자동조립,*,*,*,*,*
오수처리시설,1786,3546,0,NNP,*,T,오수처리시설,*,*,*,*,*
피킹,1786,3546,0,NNP,*,T,피킹,*,*,*,*,*
제과제빵사,1786,3545,0,NNP,*,F,제과제빵사,*,*,*,*,*
소분,1786,3546,0,NNP,*,T,소분,*,*,*,*,*
재료교체,1786,3546,0,NNP,*,T,재료교체,*,*,*,*,*
중형의장,1786,3546,0,NNP,*,T,중형의장,*,*,*,*,*
출고,1786,3545,0,NNP,*,F,출고,*,*,*,*,*
사상작업,1786,3546,0,NNP,*,T,사상작업,*,*,*,*,*
비계공,1786,3546,0,NNP,*,T,비계공,*,*,*,*,*
고속절단,1786,3546,0,NNP,*,T,고속절단,*,*,*,*,*
공조,1786,3545,0,NNP,*,F,공조,*,*,*,*,*
양생,1786,3546,0,NNP,*,T,양생,*,*,*,*,*
스포트,1786,3545,0,NNP,*,F,스포트,*,*,*,*,*
시공,1786,3546,0,NNP,*,T,시공,*,*,*,*,*
내용물,1786,3546,0,NNP,*,T,내용물,*,*,*,*,*
경비,1786,3545,0,NNP,*,F,경비,*,*,*,*,*
재활용분리수거관리,1786,3545,0,NNP,*,F,재활용분리수거관리,*,*,*,*,*
용변상태,1786,3546,0,NNP,*,T,용변상태,*,*,*,*,*
디비젼,1786,3546,0,NNP,*,T,디비젼,*,*,*,*,*
벨로우즈,1786,3545,0,NNP,*,F,벨로우즈,*,*,*,*,*
끌차,1786,3545,0,NNP,*,F,끌차,*,*,*,*,*
원단운반작업,1786,3546,0,NNP,*,T,원단운반작업,*,*,*,*,*
음식물처리기,1786,3545,0,NNP,*,F,음식물처리기,*,*,*,*,*
주방,1786,3546,0,NNP,*,T,주방,*,*,*,*,*
판금원,1786,3546,0,NNP,*,T,판금원,*,*,*,*,*
운송장비,1786,3545,0,NNP,*,F,운송장비,*,*,*,*,*
점장,1786,3546,0,NNP,*,T,점장,*,*,*,*,*
연결,1786,3546,0,NNP,*,T,연결,*,*,*,*,*
건축,1786,3546,0,NNP,*,T,건축,*,*,*,*,*
교량,1786,3546,0,NNP,*,T,교량,*,*,*,*,*
제강,1786,3546,0,NNP,*,T,제강,*,*,*,*,*
지게차운전원,1786,3546,0,NNP,*,T,지게차운전원,*,*,*,*,*
산업,1786,3546,0,NNP,*,T,산업,*,*,*,*,*
사선작업,1786,3546,0,NNP,*,T,사선작업,*,*,*,*,*
운전원,1786,3546,0,NNP,*,T,운전원,*,*,*,*,*
극판제조,1786,3545,0,NNP,*,F,극판제조,*,*,*,*,*
이삿집,1786,3546,0,NNP,*,T,이삿집,*,*,*,*,*
타카,1786,3545,0,NNP,*,F,타카,*,*,*,*,*
철근공,1786,3546,0,NNP,*,T,철근공,*,*,*,*,*
상하원,1786,3546,0,NNP,*,T,상하원,*,*,*,*,*
관리감독,1786,3546,0,NNP,*,T,관리감독,*,*,*,*,*
정리원,1786,3546,0,NNP,*,T,정리원,*,*,*,*,*
해체,1786,3546,0,NNP,*,T,해체,*,*,*,*,*
배관,1786,3546,0,NNP,*,T,배관,*,*,*,*,*
손질,1786,3546,0,NNP,*,T,손질,*,*,*,*,*
영화,1786,3545,0,NNP,*,F,영화,*,*,*,*,*
집게차조정,1786,3546,0,NNP,*,T,집게차조정,*,*,*,*,*
배관설비,1786,3545,0,NNP,*,F,배관설비,*,*,*,*,*
소포자루,1786,3545,0,NNP,*,F,소포자루,*,*,*,*,*
계근,1786,3546,0,NNP,*,T,계근,*,*,*,*,*
서스펜션,1786,3546,0,NNP,*,T,서스펜션,*,*,*,*,*
싱크대,1786,3546,0,NNP,*,T,싱크대,*,*,*,*,*
흡착,1786,3546,0,NNP,*,T,흡착,*,*,*,*,*
레미탈,1786,3546,0,NNP,*,T,레미탈,*,*,*,*,*
조미료,1786,3545,0,NNP,*,F,조미료,*,*,*,*,*
탑차,1786,3545,0,NNP,*,F,탑차,*,*,*,*,*
택시운전,1786,3546,0,NNP,*,T,택시운전,*,*,*,*,*
수압,1786,3546,0,NNP,*,T,수압,*,*,*,*,*
간호조무사,1786,3545,0,NNP,*,F,간호조무사,*,*,*,*,*
노인,1786,3546,0,NNP,*,T,노인,*,*,*,*,*
수산물,1786,3546,0,NNP,*,T,수산물,*,*,*,*,*
기계공학,1786,3546,0,NNP,*,T,기계공학,*,*,*,*,*
자재들,1786,3546,0,NNP,*,T,자재들,*,*,*,*,*
양념실,1786,3546,0,NNP,*,T,양념실,*,*,*,*,*
분류원,1786,3546,0,NNP,*,T,분류원,*,*,*,*,*
주입,1786,3546,0,NNP,*,T,주입,*,*,*,*,*
프로그램,1786,3546,0,NNP,*,T,프로그램,*,*,*,*,*
썰기,1786,3545,0,NNP,*,F,썰기,*,*,*,*,*
위생,1786,3546,0,NNP,*,T,위생,*,*,*,*,*
사출,1786,3546,0,NNP,*,T,사출,*,*,*,*,*
금속재료품,1786,3546,0,NNP,*,T,금속재료품,*,*,*,*,*
지점관리,1786,3545,0,NNP,*,F,지점관리,*,*,*,*,*
입선,1786,3546,0,NNP,*,T,입선,*,*,*,*,*
헌 옷,1786,3546,0,NNP,*,T,헌 옷,*,*,*,*,*
출고준비,1786,3545,0,NNP,*,F,출고준비,*,*,*,*,*
컨베이어벨트,1786,3545,0,NNP,*,F,컨베이어벨트,*,*,*,*,*
생활폐기물,1786,3546,0,NNP,*,T,생활폐기물,*,*,*,*,*
도로,1786,3545,0,NNP,*,F,도로,*,*,*,*,*
무쇠솥,1786,3546,0,NNP,*,T,무쇠솥,*,*,*,*,*
통신공학,1786,3546,0,NNP,*,T,통신공학,*,*,*,*,*
건설현장,1786,3546,0,NNP,*,T,건설현장,*,*,*,*,*
하역업무,1786,3545,0,NNP,*,F,하역업무,*,*,*,*,*
문짝,1786,3546,0,NNP,*,T,문짝,*,*,*,*,*
택배원,1786,3546,0,NNP,*,T,택배원,*,*,*,*,*
보수제,1786,3546,0,NNP,*,T,보수제,*,*,*,*,*
재가,1786,3545,0,NNP,*,F,재가,*,*,*,*,*
로딩파트,1786,3545,0,NNP,*,F,로딩파트,*,*,*,*,*
구내식당,1786,3546,0,NNP,*,T,구내식당,*,*,*,*,*
공구,1786,3545,0,NNP,*,F,공구,*,*,*,*,*
전동차,1786,3545,0,NNP,*,F,전동차,*,*,*,*,*
리페어,1786,3545,0,NNP,*,F,리페어,*,*,*,*,*
다듬기,1786,3545,0,NNP,*,F,다듬기,*,*,*,*,*
기타,1786,3545,0,NNP,*,F,기타,*,*,*,*,*
편조기,1786,3545,0,NNP,*,F,편조기,*,*,*,*,*
석공,1786,3546,0,NNP,*,T,석공,*,*,*,*,*
주류배달,1786,3546,0,NNP,*,T,주류배달,*,*,*,*,*
육상화물,1786,3546,0,NNP,*,T,육상화물,*,*,*,*,*
에어건,1786,3546,0,NNP,*,T,에어건,*,*,*,*,*
단조원,1786,3546,0,NNP,*,T,단조원,*,*,*,*,*
요양보호사,1786,3545,0,NNP,*,F,요양보호사,*,*,*,*,*
압착,1786,3546,0,NNP,*,T,압착,*,*,*,*,*
철골공,1786,3546,0,NNP,*,T,철골공,*,*,*,*,*
순환,1786,3546,0,NNP,*,T,순환,*,*,*,*,*
화단,1786,3546,0,NNP,*,T,화단,*,*,*,*,*
카트운반,1786,3546,0,NNP,*,T,카트운반,*,*,*,*,*
적재틀,1786,3546,0,NNP,*,T,적재틀,*,*,*,*,*
제염,1786,3546,0,NNP,*,T,제염,*,*,*,*,*
도장,1786,3546,0,NNP,*,T,도장,*,*,*,*,*
비상발전기,1786,3545,0,NNP,*,F,비상발전기,*,*,*,*,*
도어반,1786,3546,0,NNP,*,T,도어반,*,*,*,*,*
용단,1786,3546,0,NNP,*,T,용단,*,*,*,*,*
하역작업,1786,3546,0,NNP,*,T,하역작업,*,*,*,*,*
가전,1786,3546,0,NNP,*,T,가전,*,*,*,*,*
가공기계,1786,3545,0,NNP,*,F,가공기계,*,*,*,*,*
모종옮겨심기작업,1786,3546,0,NNP,*,T,모종옮겨심기작업,*,*,*,*,*
주방기구,1786,3545,0,NNP,*,F,주방기구,*,*,*,*,*
비산,1786,3546,0,NNP,*,T,비산,*,*,*,*,*
영안실,1786,3546,0,NNP,*,T,영안실,*,*,*,*,*
작업대,1786,3546,0,NNP,*,T,작업대,*,*,*,*,*
웍,1786,3546,0,NNP,*,T,웍,*,*,*,*,*
언론,1786,3546,0,NNP,*,T,언론,*,*,*,*,*
기술,1786,3546,0,NNP,*,T,기술,*,*,*,*,*
취부,1786,3545,0,NNP,*,F,취부,*,*,*,*,*
지육,1786,3546,0,NNP,*,T,지육,*,*,*,*,*
잡역부,1786,3545,0,NNP,*,F,잡역부,*,*,*,*,*
재활사,1786,3545,0,NNP,*,F,재활사,*,*,*,*,*
중기,1786,3545,0,NNP,*,F,중기,*,*,*,*,*
콘솔,1786,3546,0,NNP,*,T,콘솔,*,*,*,*,*
발송,1786,3546,0,NNP,*,T,발송,*,*,*,*,*
제관,1786,3546,0,NNP,*,T,제관,*,*,*,*,*
시설물,1786,3546,0,NNP,*,T,시설물,*,*,*,*,*
공유,1786,3545,0,NNP,*,F,공유,*,*,*,*,*
전자기기,1786,3545,0,NNP,*,F,전자기기,*,*,*,*,*
소둔로,1786,3545,0,NNP,*,F,소둔로,*,*,*,*,*
광고,1786,3545,0,NNP,*,F,광고,*,*,*,*,*
전기기계기구,1786,3545,0,NNP,*,F,전기기계기구,*,*,*,*,*
진료,1786,3545,0,NNP,*,F,진료,*,*,*,*,*
상하수도,1786,3545,0,NNP,*,F,상하수도,*,*,*,*,*
소방,1786,3546,0,NNP,*,T,소방,*,*,*,*,*
부석,1786,3546,0,NNP,*,T,부석,*,*,*,*,*
양어장용,1786,3546,0,NNP,*,T,양어장용,*,*,*,*,*
양생작업,1786,3546,0,NNP,*,T,양생작업,*,*,*,*,*
안내데스크,1786,3545,0,NNP,*,F,안내데스크,*,*,*,*,*
슬라브,1786,3545,0,NNP,*,F,슬라브,*,*,*,*,*
재가요양,1786,3546,0,NNP,*,T,재가요양,*,*,*,*,*
앵글,1786,3546,0,NNP,*,T,앵글,*,*,*,*,*
전신주,1786,3545,0,NNP,*,F,전신주,*,*,*,*,*
파이프서포트,1786,3545,0,NNP,*,F,파이프서포트,*,*,*,*,*
퀵서비스기사,1786,3545,0,NNP,*,F,퀵서비스기사,*,*,*,*,*
고위,1786,3545,0,NNP,*,F,고위,*,*,*,*,*
세탁,1786,3546,0,NNP,*,T,세탁,*,*,*,*,*
믹싱,1786,3546,0,NNP,*,T,믹싱,*,*,*,*,*
렌치,1786,3545,0,NNP,*,F,렌치,*,*,*,*,*
전산,1786,3546,0,NNP,*,T,전산,*,*,*,*,*
화학,1786,3546,0,NNP,*,T,화학,*,*,*,*,*
생활가전,1786,3546,0,NNP,*,T,생활가전,*,*,*,*,*
공정진행,1786,3546,0,NNP,*,T,공정진행,*,*,*,*,*
미화원,1786,3546,0,NNP,*,T,미화원,*,*,*,*,*
머신비전시스템,1786,3546,0,NNP,*,T,머신비전시스템,*,*,*,*,*
엔진오일,1786,3546,0,NNP,*,T,엔진오일,*,*,*,*,*
미화반장,1786,3546,0,NNP,*,T,미화반장,*,*,*,*,*
밸브시트,1786,3545,0,NNP,*,F,밸브시트,*,*,*,*,*
돕기,1786,3545,0,NNP,*,F,돕기,*,*,*,*,*
간병간호조무사,1786,3545,0,NNP,*,F,간병간호조무사,*,*,*,*,*
원자재,1786,3546,0,NNP,*,T,원자재,*,*,*,*,*
플로우포밍,1786,3546,0,NNP,*,T,플로우포밍,*,*,*,*,*
비상,1786,3546,0,NNP,*,T,비상,*,*,*,*,*
블록,1786,3546,0,NNP,*,T,블록,*,*,*,*,*
설비가동,1786,3546,0,NNP,*,T,설비가동,*,*,*,*,*
유리제품,1786,3546,0,NNP,*,T,유리제품,*,*,*,*,*
차량,1786,3546,0,NNP,*,T,차량,*,*,*,*,*
응대,1786,3546,0,NNP,*,T,응대,*,*,*,*,*
금속,1786,3546,0,NNP,*,T,금속,*,*,*,*,*
주조부,1786,3545,0,NNP,*,F,주조부,*,*,*,*,*
재활용분리수거,1786,3545,0,NNP,*,F,재활용분리수거,*,*,*,*,*
관리소장,1786,3546,0,NNP,*,T,관리소장,*,*,*,*,*
핸드레일,1786,3546,0,NNP,*,T,핸드레일,*,*,*,*,*
전선,1786,3546,0,NNP,*,T,전선,*,*,*,*,*
청소작업,1786,3546,0,NNP,*,T,청소작업,*,*,*,*,*
옥외광고,1786,3545,0,NNP,*,F,옥외광고,*,*,*,*,*
특수교육실무사,1786,3545,0,NNP,*,F,특수교육실무사,*,*,*,*,*
산소,1786,3545,0,NNP,*,F,산소,*,*,*,*,*
할석공,1786,3546,0,NNP,*,T,할석공,*,*,*,*,*
제작,1786,3546,0,NNP,*,T,제작,*,*,*,*,*
수정,1786,3546,0,NNP,*,T,수정,*,*,*,*,*
자재레일,1786,3546,0,NNP,*,T,자재레일,*,*,*,*,*
발전기,1786,3545,0,NNP,*,F,발전기,*,*,*,*,*
도장공,1786,3546,0,NNP,*,T,도장공,*,*,*,*,*
벨트,1786,3545,0,NNP,*,F,벨트,*,*,*,*,*
각목,1786,3546,0,NNP,*,T,각목,*,*,*,*,*
교환,1786,3546,0,NNP,*,T,교환,*,*,*,*,*
장착,1786,3546,0,NNP,*,T,장착,*,*,*,*,*
제조공정,1786,3546,0,NNP,*,T,제조공정,*,*,*,*,*
미화,1786,3545,0,NNP,*,F,미화,*,*,*,*,*
한식,1786,3546,0,NNP,*,T,한식,*,*,*,*,*
물리치료사,1786,3545,0,NNP,*,F,물리치료사,*,*,*,*,*
종교,1786,3545,0,NNP,*,F,종교,*,*,*,*,*
룸램프,1786,3545,0,NNP,*,F,룸램프,*,*,*,*,*
반죽,1786,3546,0,NNP,*,T,반죽,*,*,*,*,*
거푸집,1786,3546,0,NNP,*,T,거푸집,*,*,*,*,*
폐타이어,1786,3545,0,NNP,*,F,폐타이어,*,*,*,*,*
엔진,1786,3546,0,NNP,*,T,엔진,*,*,*,*,*
비닐,1786,3546,0,NNP,*,T,비닐,*,*,*,*,*
대형차,1786,3545,0,NNP,*,F,대형차,*,*,*,*,*
데이터,1786,3545,0,NNP,*,F,데이터,*,*,*,*,*
버스운전,1786,3546,0,NNP,*,T,버스운전,*,*,*,*,*
전기보조공,1786,3546,0,NNP,*,T,전기보조공,*,*,*,*,*
과일,1786,3546,0,NNP,*,T,과일,*,*,*,*,*
호스,1786,3545,0,NNP,*,F,호스,*,*,*,*,*
캐디,1786,3545,0,NNP,*,F,캐디,*,*,*,*,*
주물,1786,3546,0,NNP,*,T,주물,*,*,*,*,*
설치원,1786,3546,0,NNP,*,T,설치원,*,*,*,*,*
연료탱크,1786,3545,0,NNP,*,F,연료탱크,*,*,*,*,*
자동차조립,1786,3546,0,NNP,*,T,자동차조립,*,*,*,*,*
기계정비,1786,3545,0,NNP,*,F,기계정비,*,*,*,*,*
장어손질,1786,3546,0,NNP,*,T,장어손질,*,*,*,*,*
생활쓰레기,1786,3545,0,NNP,*,F,생활쓰레기,*,*,*,*,*
서류작업,1786,3546,0,NNP,*,T,서류작업,*,*,*,*,*
사료저장탱크제작,1786,3546,0,NNP,*,T,사료저장탱크제작,*,*,*,*,*
작업,1786,3546,0,NNP,*,T,작업,*,*,*,*,*
임원,1786,3546,0,NNP,*,T,임원,*,*,*,*,*
접수,1786,3545,0,NNP,*,F,접수,*,*,*,*,*
쿨링기,1786,3545,0,NNP,*,F,쿨링기,*,*,*,*,*
인쇄기,1786,3545,0,NNP,*,F,인쇄기,*,*,*,*,*
가구,1786,3545,0,NNP,*,F,가구,*,*,*,*,*
반생작업,1786,3546,0,NNP,*,T,반생작업,*,*,*,*,*
뚝배기,1786,3545,0,NNP,*,F,뚝배기,*,*,*,*,*
비계,1786,3545,0,NNP,*,F,비계,*,*,*,*,*
이상,1786,3546,0,NNP,*,T,이상,*,*,*,*,*
정화조,1786,3545,0,NNP,*,F,정화조,*,*,*,*,*
선박용접,1786,3546,0,NNP,*,T,선박용접,*,*,*,*,*
화장품,1786,3546,0,NNP,*,T,화장품,*,*,*,*,*
교사,1786,3545,0,NNP,*,F,교사,*,*,*,*,*
엔드밀,1786,3546,0,NNP,*,T,엔드밀,*,*,*,*,*
양어장,1786,3546,0,NNP,*,T,양어장,*,*,*,*,*
콘크리트공,1786,3546,0,NNP,*,T,콘크리트공,*,*,*,*,*
실장,1786,3546,0,NNP,*,T,실장,*,*,*,*,*
기업,1786,3546,0,NNP,*,T,기업,*,*,*,*,*
물리,1786,3545,0,NNP,*,F,물리,*,*,*,*,*
와상환자,1786,3545,0,NNP,*,F,와상환자,*,*,*,*,*
어르신,1786,3546,0,NNP,*,T,어르신,*,*,*,*,*
조작원,1786,3546,0,NNP,*,T,조작원,*,*,*,*,*
용접,1786,3546,0,NNP,*,T,용접,*,*,*,*,*
전기배관공,1786,3546,0,NNP,*,T,전기배관공,*,*,*,*,*
차고지,1786,3545,0,NNP,*,F,차고지,*,*,*,*,*
운반작업,1786,3546,0,NNP,*,T,운반작업,*,*,*,*,*
품질,1786,3546,0,NNP,*,T,품질,*,*,*,*,*
보강재,1786,3546,0,NNP,*,T,보강재,*,*,*,*,*
택배차량,1786,3546,0,NNP,*,T,택배차량,*,*,*,*,*
환경미화원,1786,3546,0,NNP,*,T,환경미화원,*,*,*,*,*
생산기술,1786,3546,0,NNP,*,T,생산기술,*,*,*,*,*
보건,1786,3546,0,NNP,*,T,보건,*,*,*,*,*
식자재,1786,3546,0,NNP,*,T,식자재,*,*,*,*,*
시내,1786,3546,0,NNP,*,T,시내,*,*,*,*,*
아파트,1786,3545,0,NNP,*,F,아파트,*,*,*,*,*
테이핑,1786,3546,0,NNP,*,T,테이핑,*,*,*,*,*
샤클,1786,3546,0,NNP,*,T,샤클,*,*,*,*,*
설비,1786,3545,0,NNP,*,F,설비,*,*,*,*,*
유로폼,1786,3546,0,NNP,*,T,유로폼,*,*,*,*,*
절단기,1786,3545,0,NNP,*,F,절단기,*,*,*,*,*
카메라,1786,3545,0,NNP,*,F,카메라,*,*,*,*,*
소자,1786,3545,0,NNP,*,F,소자,*,*,*,*,*
배합,1786,3546,0,NNP,*,T,배합,*,*,*,*,*
에어컨,1786,3546,0,NNP,*,T,에어컨,*,*,*,*,*
생산관리팀,1786,3546,0,NNP,*,T,생산관리팀,*,*,*,*,*
용기,1786,3545,0,NNP,*,F,용기,*,*,*,*,*
디자이너,1786,3545,0,NNP,*,F,디자이너,*,*,*,*,*
강관비계,1786,3545,0,NNP,*,F,강관비계,*,*,*,*,*
지원,1786,3546,0,NNP,*,T,지원,*,*,*,*,*
입고,1786,3545,0,NNP,*,F,입고,*,*,*,*,*
소각로,1786,3545,0,NNP,*,F,소각로,*,*,*,*,*
카트,1786,3545,0,NNP,*,F,카트,*,*,*,*,*
금형교체,1786,3546,0,NNP,*,T,금형교체,*,*,*,*,*
패드,1786,3545,0,NNP,*,F,패드,*,*,*,*,*
유압배관,1786,3546,0,NNP,*,T,유압배관,*,*,*,*,*
배관조인트,1786,3545,0,NNP,*,F,배관조인트,*,*,*,*,*
천장크레인운전,1786,3546,0,NNP,*,T,천장크레인운전,*,*,*,*,*
음향장비,1786,3545,0,NNP,*,F,음향장비,*,*,*,*,*
인부,1786,3545,0,NNP,*,F,인부,*,*,*,*,*
학교교사,1786,3545,0,NNP,*,F,학교교사,*,*,*,*,*
김치제조,1786,3545,0,NNP,*,F,김치제조,*,*,*,*,*
교수,1786,3545,0,NNP,*,F,교수,*,*,*,*,*
탱크,1786,3545,0,NNP,*,F,탱크,*,*,*,*,*
지하수,1786,3545,0,NNP,*,F,지하수,*,*,*,*,*
조립라인,1786,3546,0,NNP,*,T,조립라인,*,*,*,*,*
세파볼트,1786,3545,0,NNP,*,F,세파볼트,*,*,*,*,*
배식,1786,3546,0,NNP,*,T,배식,*,*,*,*,*
육아,1786,3545,0,NNP,*,F,육아,*,*,*,*,*
농산물,1786,3546,0,NNP,*,T,농산물,*,*,*,*,*
데크,1786,3545,0,NNP,*,F,데크,*,*,*,*,*
목재,1786,3546,0,NNP,*,T,목재,*,*,*,*,*
수거품,1786,3546,0,NNP,*,T,수거품,*,*,*,*,*
자재,1786,3546,0,NNP,*,T,자재,*,*,*,*,*
장례,1786,3545,0,NNP,*,F,장례,*,*,*,*,*
숙박,1786,3546,0,NNP,*,T,숙박,*,*,*,*,*
선별,1786,3546,0,NNP,*,T,선별,*,*,*,*,*
입고물품,1786,3546,0,NNP,*,T,입고물품,*,*,*,*,*
영업,1786,3546,0,NNP,*,T,영업,*,*,*,*,*
성형기,1786,3545,0,NNP,*,F,성형기,*,*,*,*,*
퍼티,1786,3545,0,NNP,*,F,퍼티,*,*,*,*,*
원료탱크,1786,3545,0,NNP,*,F,원료탱크,*,*,*,*,*
타이어,1786,3545,0,NNP,*,F,타이어,*,*,*,*,*
특수목,1786,3546,0,NNP,*,T,특수목,*,*,*,*,*
용접원,1786,3546,0,NNP,*,T,용접원,*,*,*,*,*
휴게소,1786,3545,0,NNP,*,F,휴게소,*,*,*,*,*
공정,1786,3546,0,NNP,*,T,공정,*,*,*,*,*
단열재,1786,3546,0,NNP,*,T,단열재,*,*,*,*,*
광폭충진,1786,3546,0,NNP,*,T,광폭충진,*,*,*,*,*
예술,1786,3546,0,NNP,*,T,예술,*,*,*,*,*
쇼바로드,1786,3545,0,NNP,*,F,쇼바로드,*,*,*,*,*
방송,1786,3546,0,NNP,*,T,방송,*,*,*,*,*
저장,1786,3546,0,NNP,*,T,저장,*,*,*,*,*
지점,1786,3546,0,NNP,*,T,지점,*,*,*,*,*
특수트레일러,1786,3545,0,NNP,*,F,특수트레일러,*,*,*,*,*
금속재료,1786,3545,0,NNP,*,F,금속재료,*,*,*,*,*
A/S,1786,3546,0,NNP,*,T,A/S,*,*,*,*,*
포크레인,1786,3546,0,NNP,*,T,포크레인,*,*,*,*,*
인쇄,1786,3545,0,NNP,*,F,인쇄,*,*,*,*,*
종이,1786,3545,0,NNP,*,F,종이,*,*,*,*,*
렉카차,1786,3545,0,NNP,*,F,렉카차,*,*,*,*,*
판매,1786,3546,0,NNP,*,T,판매,*,*,*,*,*
밴딩,1786,3546,0,NNP,*,T,밴딩,*,*,*,*,*
땅고르기,1786,3545,0,NNP,*,F,땅고르기,*,*,*,*,*
스프링,1786,3546,0,NNP,*,T,스프링,*,*,*,*,*
사상,1786,3546,0,NNP,*,T,사상,*,*,*,*,*
물류차량,1786,3546,0,NNP,*,T,물류차량,*,*,*,*,*
간봉,1786,3546,0,NNP,*,T,간봉,*,*,*,*,*
해체작업,1786,3546,0,NNP,*,T,해체작업,*,*,*,*,*
퇴비포대,1786,3546,0,NNP,*,T,퇴비포대,*,*,*,*,*
중선기,1786,3545,0,NNP,*,F,중선기,*,*,*,*,*
기능,1786,3546,0,NNP,*,T,기능,*,*,*,*,*
선반,1786,3546,0,NNP,*,T,선반,*,*,*,*,*
요양보호,1786,3545,0,NNP,*,F,요양보호,*,*,*,*,*
세팅,1786,3546,0,NNP,*,T,세팅,*,*,*,*,*
청소원,1786,3546,0,NNP,*,T,청소원,*,*,*,*,*
사탕,1786,3546,0,NNP,*,T,사탕,*,*,*,*,*
충진,1786,3546,0,NNP,*,T,충진,*,*,*,*,*
목장갑,1786,3546,0,NNP,*,T,목장갑,*,*,*,*,*
포장기운전,1786,3546,0,NNP,*,T,포장기운전,*,*,*,*,*
게장,1786,3546,0,NNP,*,T,게장,*,*,*,*,*
수거,1786,3545,0,NNP,*,F,수거,*,*,*,*,*
타설,1786,3546,0,NNP,*,T,타설,*,*,*,*,*
자동제어,1786,3545,0,NNP,*,F,자동제어,*,*,*,*,*
식품가공,1786,3546,0,NNP,*,T,식품가공,*,*,*,*,*
서비스,1786,3545,0,NNP,*,F,서비스,*,*,*,*,*
철근,1786,3546,0,NNP,*,T,철근,*,*,*,*,*
그라인딩,1786,3546,0,NNP,*,T,그라인딩,*,*,*,*,*
합금,1786,3546,0,NNP,*,T,합금,*,*,*,*,*
발주,1786,3545,0,NNP,*,F,발주,*,*,*,*,*
품질검사,1786,3545,0,NNP,*,F,품질검사,*,*,*,*,*
신발,1786,3546,0,NNP,*,T,신발,*,*,*,*,*
장치,1786,3545,0,NNP,*,F,장치,*,*,*,*,*
피혁,1786,3546,0,NNP,*,T,피혁,*,*,*,*,*
정련,1786,3546,0,NNP,*,T,정련,*,*,*,*,*
피딩,1786,3546,0,NNP,*,T,피딩,*,*,*,*,*
운송서비스,1786,3545,0,NNP,*,F,운송서비스,*,*,*,*,*
신축,1786,3546,0,NNP,*,T,신축,*,*,*,*,*
사출작업,1786,3546,0,NNP,*,T,사출작업,*,*,*,*,*
기계장치,1786,3545,0,NNP,*,F,기계장치,*,*,*,*,*
유리재단,1786,3546,0,NNP,*,T,유리재단,*,*,*,*,*
트림,1786,3546,0,NNP,*,T,트림,*,*,*,*,*
물주기,1786,3545,0,NNP,*,F,물주기,*,*,*,*,*
고철,1786,3546,0,NNP,*,T,고철,*,*,*,*,*
출하,1786,3545,0,NNP,*,F,출하,*,*,*,*,*
사업,1786,3546,0,NNP,*,T,사업,*,*,*,*,*
모니터링,1786,3546,0,NNP,*,T,모니터링,*,*,*,*,*
가스통,1786,3546,0,NNP,*,T,가스통,*,*,*,*,*
지체장애,1786,3546,0,NNP,*,T,지체장애,*,*,*,*,*
패널,1786,3546,0,NNP,*,T,패널,*,*,*,*,*
건식,1786,3546,0,NNP,*,T,건식,*,*,*,*,*
공구함,1786,3546,0,NNP,*,T,공구함,*,*,*,*,*
정렬,1786,3546,0,NNP,*,T,정렬,*,*,*,*,*
관리직,1786,3546,0,NNP,*,T,관리직,*,*,*,*,*
대학,1786,3546,0,NNP,*,T,대학,*,*,*,*,*
유압흡착,1786,3546,0,NNP,*,T,유압흡착,*,*,*,*,*
분해,1786,3546,0,NNP,*,T,분해,*,*,*,*,*
그라인더,1786,3545,0,NNP,*,F,그라인더,*,*,*,*,*
조리장,1786,3546,0,NNP,*,T,조리장,*,*,*,*,*
전산업무,1786,3545,0,NNP,*,F,전산업무,*,*,*,*,*
전문,1786,3546,0,NNP,*,T,전문,*,*,*,*,*
청소업무,1786,3545,0,NNP,*,F,청소업무,*,*,*,*,*
현장라인,1786,3546,0,NNP,*,T,현장라인,*,*,*,*,*
이사,1786,3545,0,NNP,*,F,이사,*,*,*,*,*
보강,1786,3546,0,NNP,*,T,보강,*,*,*,*,*
마킹,1786,3546,0,NNP,*,T,마킹,*,*,*,*,*
라인작업,1786,3546,0,NNP,*,T,라인작업,*,*,*,*,*
잉크,1786,3545,0,NNP,*,F,잉크,*,*,*,*,*
원단,1786,3546,0,NNP,*,T,원단,*,*,*,*,*
운전작업,1786,3546,0,NNP,*,T,운전작업,*,*,*,*,*
압연,1786,3546,0,NNP,*,T,압연,*,*,*,*,*
식사지도,1786,3545,0,NNP,*,F,식사지도,*,*,*,*,*
목재창고,1786,3545,0,NNP,*,F,목재창고,*,*,*,*,*
단순,1786,3546,0,NNP,*,T,단순,*,*,*,*,*
보조,1786,3545,0,NNP,*,F,보조,*,*,*,*,*
공예,1786,3545,0,NNP,*,F,공예,*,*,*,*,*
시트,1786,3545,0,NNP,*,F,시트,*,*,*,*,*
조리사,1786,3545,0,NNP,*,F,조리사,*,*,*,*,*
스테커,1786,3545,0,NNP,*,F,스테커,*,*,*,*,*
안내,1786,3546,0,NNP,*,T,안내,*,*,*,*,*
접합부위,1786,3545,0,NNP,*,F,접합부위,*,*,*,*,*
멜트시트,1786,3545,0,NNP,*,F,멜트시트,*,*,*,*,*
경정비,1786,3545,0,NNP,*,F,경정비,*,*,*,*,*
어린이집,1786,3546,0,NNP,*,T,어린이집,*,*,*,*,*
폐수처리시설,1786,3546,0,NNP,*,T,폐수처리시설,*,*,*,*,*
리어넌체널,1786,3546,0,NNP,*,T,리어넌체널,*,*,*,*,*
보전,1786,3546,0,NNP,*,T,보전,*,*,*,*,*
브레이크,1786,3545,0,NNP,*,F,브레이크,*,*,*,*,*
골조,1786,3545,0,NNP,*,F,골조,*,*,*,*,*
기술자,1786,3545,0,NNP,*,F,기술자,*,*,*,*,*
지보공,1786,3546,0,NNP,*,T,지보공,*,*,*,*,*
공사,1786,3545,0,NNP,*,F,공사,*,*,*,*,*
진열,1786,3546,0,NNP,*,T,진열,*,*,*,*,*
청소카,1786,3545,0,NNP,*,F,청소카,*,*,*,*,*
볼트,1786,3545,0,NNP,*,F,볼트,*,*,*,*,*
식기세척,1786,3546,0,NNP,*,T,식기세척,*,*,*,*,*
지탱,1786,3546,0,NNP,*,T,지탱,*,*,*,*,*
배전,1786,3546,0,NNP,*,T,배전,*,*,*,*,*
건축물,1786,3546,0,NNP,*,T,건축물,*,*,*,*,*
도수치료,1786,3545,0,NNP,*,F,도수치료,*,*,*,*,*
병원,1786,3546,0,NNP,*,T,병원,*,*,*,*,*
고지톱,1786,3546,0,NNP,*,T,고지톱,*,*,*,*,*
크레인,1786,3546,0,NNP,*,T,크레인,*,*,*,*,*
건설공사,1786,3545,0,NNP,*,F,건설공사,*,*,*,*,*
양념배합,1786,3546,0,NNP,*,T,양념배합,*,*,*,*,*
골판지,1786,3545,0,NNP,*,F,골판지,*,*,*,*,*
생산제품,1786,3546,0,NNP,*,T,생산제품,*,*,*,*,*
공공단체,1786,3546,0,NNP,*,T,공공단체,*,*,*,*,*
학교급식,1786,3546,0,NNP,*,T,학교급식,*,*,*,*,*
조적,1786,3546,0,NNP,*,T,조적,*,*,*,*,*
목욕,1786,3546,0,NNP,*,T,목욕,*,*,*,*,*
케이블,1786,3546,0,NNP,*,T,케이블,*,*,*,*,*
현장조공,1786,3546,0,NNP,*,T,현장조공,*,*,*,*,*
골재파쇄기,1786,3545,0,NNP,*,F,골재파쇄기,*,*,*,*,*
냉난방,1786,3546,0,NNP,*,T,냉난방,*,*,*,*,*
의료키트,1786,3545,0,NNP,*,F,의료키트,*,*,*,*,*
서열,1786,3546,0,NNP,*,T,서열,*,*,*,*,*
회계,1786,3545,0,NNP,*,F,회계,*,*,*,*,*
소포,1786,3545,0,NNP,*,F,소포,*,*,*,*,*
기능직,1786,3546,0,NNP,*,T,기능직,*,*,*,*,*
전동드라이버,1786,3545,0,NNP,*,F,전동드라이버,*,*,*,*,*
조작작업,1786,3546,0,NNP,*,T,조작작업,*,*,*,*,*
랩제거,1786,3545,0,NNP,*,F,랩제거,*,*,*,*,*
조리원,1786,3546,0,NNP,*,T,조리원,*,*,*,*,*
노즐,1786,3546,0,NNP,*,T,노즐,*,*,*,*,*
내벽도장,1786,3546,0,NNP,*,T,내벽도장,*,*,*,*,*
주방장,1786,3546,0,NNP,*,T,주방장,*,*,*,*,*
요금,1786,3546,0,NNP,*,T,요금,*,*,*,*,*
수압검사,1786,3545,0,NNP,*,F,수압검사,*,*,*,*,*
조리보조,1786,3545,0,NNP,*,F,조리보조,*,*,*,*,*
도어체커,1786,3545,0,NNP,*,F,도어체커,*,*,*,*,*
하차,1786,3545,0,NNP,*,F,하차,*,*,*,*,*
망치,1786,3545,0,NNP,*,F,망치,*,*,*,*,*
전자,1786,3545,0,NNP,*,F,전자,*,*,*,*,*
금속기계,1786,3545,0,NNP,*,F,금속기계,*,*,*,*,*
순찰작업,1786,3546,0,NNP,*,T,순찰작업,*,*,*,*,*
문화,1786,3545,0,NNP,*,F,문화,*,*,*,*,*
사육,1786,3546,0,NNP,*,T,사육,*,*,*,*,*
조립작업,1786,3546,0,NNP,*,T,조립작업,*,*,*,*,*
세탁업무,1786,3545,0,NNP,*,F,세탁업무,*,*,*,*,*
절곡,1786,3546,0,NNP,*,T,절곡,*,*,*,*,*
스캔,1786,3546,0,NNP,*,T,스캔,*,*,*,*,*
지게차운전,1786,3546,0,NNP,*,T,지게차운전,*,*,*,*,*
빵,1786,3546,0,NNP,*,T,빵,*,*,*,*,*
마감,1786,3546,0,NNP,*,T,마감,*,*,*,*,*
반생,1786,3546,0,NNP,*,T,반생,*,*,*,*,*
대경,1786,3546,0,NNP,*,T,대경,*,*,*,*,*
덕트,1786,3545,0,NNP,*,F,덕트,*,*,*,*,*
금융,1786,3546,0,NNP,*,T,금융,*,*,*,*,*
미장공,1786,3546,0,NNP,*,T,미장공,*,*,*,*,*
트럭,1786,3546,0,NNP,*,T,트럭,*,*,*,*,*
차량배차,1786,3545,0,NNP,*,F,차량배차,*,*,*,*,*
조립용,1786,3546,0,NNP,*,T,조립용,*,*,*,*,*
판재,1786,3546,0,NNP,*,T,판재,*,*,*,*,*
재적재,1786,3546,0,NNP,*,T,재적재,*,*,*,*,*
극판,1786,3546,0,NNP,*,T,극판,*,*,*,*,*
밴딩작업,1786,3546,0,NNP,*,T,밴딩작업,*,*,*,*,*
관리,1786,3545,0,NNP,*,F,관리,*,*,*,*,*
간봉틀,1786,3546,0,NNP,*,T,간봉틀,*,*,*,*,*
보조작업,1786,3546,0,NNP,*,T,보조작업,*,*,*,*,*
사회복지,1786,3545,0,NNP,*,F,사회복지,*,*,*,*,*
롤테이너,1786,3545,0,NNP,*,F,롤테이너,*,*,*,*,*
레크리에이션,1786,3546,0,NNP,*,T,레크리에이션,*,*,*,*,*
조선소,1786,3545,0,NNP,*,F,조선소,*,*,*,*,*
제빵사,1786,3545,0,NNP,*,F,제빵사,*,*,*,*,*
농기계,1786,3545,0,NNP,*,F,농기계,*,*,*,*,*
환자,1786,3545,0,NNP,*,F,환자,*,*,*,*,*
덕트공,1786,3546,0,NNP,*,T,덕트공,*,*,*,*,*
여행,1786,3546,0,NNP,*,T,여행,*,*,*,*,*
화물,1786,3546,0,NNP,*,T,화물,*,*,*,*,*
대차,1786,3545,0,NNP,*,F,대차,*,*,*,*,*
유리,1786,3545,0,NNP,*,F,유리,*,*,*,*,*
스티로폼,1786,3546,0,NNP,*,T,스티로폼,*,*,*,*,*
벨로즈겹수,1786,3545,0,NNP,*,F,벨로즈겹수,*,*,*,*,*
프런트백,1786,3546,0,NNP,*,T,프런트백,*,*,*,*,*
설계,1786,3545,0,NNP,*,F,설계,*,*,*,*,*
영사기,1786,3545,0,NNP,*,F,영사기,*,*,*,*,*
음식,1786,3546,0,NNP,*,T,음식,*,*,*,*,*
V커팅,1786,3546,0,NNP,*,T,V커팅,*,*,*,*,*
금속공학,1786,3546,0,NNP,*,T,금속공학,*,*,*,*,*
육류,1786,3545,0,NNP,*,F,육류,*,*,*,*,*
요금수납통,1786,3546,0,NNP,*,T,요금수납통,*,*,*,*,*
운반,1786,3546,0,NNP,*,T,운반,*,*,*,*,*
보링기,1786,3545,0,NNP,*,F,보링기,*,*,*,*,*
경호,1786,3545,0,NNP,*,F,경호,*,*,*,*,*
출하작업,1786,3546,0,NNP,*,T,출하작업,*,*,*,*,*
방재,1786,3546,0,NNP,*,T,방재,*,*,*,*,*
실러,1786,3545,0,NNP,*,F,실러,*,*,*,*,*
사진,1786,3546,0,NNP,*,T,사진,*,*,*,*,*
설치,1786,3545,0,NNP,*,F,설치,*,*,*,*,*
안마,1786,3545,0,NNP,*,F,안마,*,*,*,*,*
매니저,1786,3545,0,NNP,*,F,매니저,*,*,*,*,*
운전석,1786,3546,0,NNP,*,T,운전석,*,*,*,*,*
선하역,1786,3546,0,NNP,*,T,선하역,*,*,*,*,*
계기,1786,3545,0,NNP,*,F,계기,*,*,*,*,*
상원,1786,3546,0,NNP,*,T,상원,*,*,*,*,*
파쇄,1786,3545,0,NNP,*,F,파쇄,*,*,*,*,*
전기배관,1786,3546,0,NNP,*,T,전기배관,*,*,*,*,*
행거,1786,3545,0,NNP,*,F,행거,*,*,*,*,*
세탁물,1786,3546,0,NNP,*,T,세탁물,*,*,*,*,*
유제품제조,1786,3545,0,NNP,*,F,유제품제조,*,*,*,*,*
가동,1786,3546,0,NNP,*,T,가동,*,*,*,*,*
현장인부,1786,3545,0,NNP,*,F,현장인부,*,*,*,*,*
축산,1786,3546,0,NNP,*,T,축산,*,*,*,*,*
생산관리업무,1786,3545,0,NNP,*,F,생산관리업무,*,*,*,*,*
홀서빙,1786,3546,0,NNP,*,T,홀서빙,*,*,*,*,*
초소경비작업,1786,3546,0,NNP,*,T,초소경비작업,*,*,*,*,*
발포,1786,3545,0,NNP,*,F,발포,*,*,*,*,*
소비자용품수리,1786,3545,0,NNP,*,F,소비자용품수리,*,*,*,*,*
경리,1786,3545,0,NNP,*,F,경리,*,*,*,*,*
도어,1786,3545,0,NNP,*,F,도어,*,*,*,*,*
불순물,1786,3546,0,NNP,*,T,불순물,*,*,*,*,*
정리,1786,3545,0,NNP,*,F,정리,*,*,*,*,*
임팩,1786,3546,0,NNP,*,T,임팩,*,*,*,*,*
분진,1786,3546,0,NNP,*,T,분진,*,*,*,*,*
에어그라인더,1786,3545,0,NNP,*,F,에어그라인더,*,*,*,*,*
클립,1786,3546,0,NNP,*,T,클립,*,*,*,*,*
경비일지,1786,3545,0,NNP,*,F,경비일지,*,*,*,*,*
운송업무,1786,3545,0,NNP,*,F,운송업무,*,*,*,*,*
차량점검,1786,3546,0,NNP,*,T,차량점검,*,*,*,*,*
제거,1786,3545,0,NNP,*,F,제거,*,*,*,*,*
건축폐기물,1786,3546,0,NNP,*,T,건축폐기물,*,*,*,*,*
이음,1786,3546,0,NNP,*,T,이음,*,*,*,*,*
방청,1786,3546,0,NNP,*,T,방청,*,*,*,*,*
기계조립,1786,3546,0,NNP,*,T,기계조립,*,*,*,*,*
기획,1786,3546,0,NNP,*,T,기획,*,*,*,*,*
택시,1786,3545,0,NNP,*,F,택시,*,*,*,*,*
블랑킷,1786,3546,0,NNP,*,T,블랑킷,*,*,*,*,*
자동조립라인,1786,3546,0,NNP,*,T,자동조립라인,*,*,*,*,*
설비관리,1786,3545,0,NNP,*,F,설비관리,*,*,*,*,*
부속품,1786,3546,0,NNP,*,T,부속품,*,*,*,*,*
조정,1786,3546,0,NNP,*,T,조정,*,*,*,*,*
거리청소,1786,3545,0,NNP,*,F,거리청소,*,*,*,*,*
로봇,1786,3546,0,NNP,*,T,로봇,*,*,*,*,*
마케팅,1786,3546,0,NNP,*,T,마케팅,*,*,*,*,*
인쇄용지,1786,3545,0,NNP,*,F,인쇄용지,*,*,*,*,*
공작,1786,3546,0,NNP,*,T,공작,*,*,*,*,*
부석처리,1786,3545,0,NNP,*,F,부석처리,*,*,*,*,*
과학,1786,3546,0,NNP,*,T,과학,*,*,*,*,*
진열대,1786,3546,0,NNP,*,T,진열대,*,*,*,*,*
콘크리트,1786,3545,0,NNP,*,F,콘크리트,*,*,*,*,*
쇠파이프,1786,3545,0,NNP,*,F,쇠파이프,*,*,*,*,*
실외기,1786,3545,0,NNP,*,F,실외기,*,*,*,*,*
학교,1786,3545,0,NNP,*,F,학교,*,*,*,*,*
고장,1786,3546,0,NNP,*,T,고장,*,*,*,*,*
금구류,1786,3545,0,NNP,*,F,금구류,*,*,*,*,*
자동제어반,1786,3546,0,NNP,*,T,자동제어반,*,*,*,*,*
가사,1786,3545,0,NNP,*,F,가사,*,*,*,*,*
재활용,1786,3546,0,NNP,*,T,재활용,*,*,*,*,*
집하,1786,3545,0,NNP,*,F,집하,*,*,*,*,*
사무작업,1786,3546,0,NNP,*,T,사무작업,*,*,*,*,*
폐기,1786,3545,0,NNP,*,F,폐기,*,*,*,*,*
전지,1786,3545,0,NNP,*,F,전지,*,*,*,*,*
기자재,1786,3546,0,NNP,*,T,기자재,*,*,*,*,*
절단작업,1786,3546,0,NNP,*,T,절단작업,*,*,*,*,*
세공,1786,3546,0,NNP,*,T,세공,*,*,*,*,*
적재,1786,3546,0,NNP,*,T,적재,*,*,*,*,*
수납용,1786,3546,0,NNP,*,T,수납용,*,*,*,*,*
철제,1786,3546,0,NNP,*,T,철제,*,*,*,*,*
제품진열,1786,3546,0,NNP,*,T,제품진열,*,*,*,*,*
유리원장,1786,3546,0,NNP,*,T,유리원장,*,*,*,*,*
배관설치,1786,3545,0,NNP,*,F,배관설치,*,*,*,*,*
습식,1786,3546,0,NNP,*,T,습식,*,*,*,*,*
합판,1786,3546,0,NNP,*,T,합판,*,*,*,*,*
배근,1786,3546,0,NNP,*,T,배근,*,*,*,*,*
냉장,1786,3546,0,NNP,*,T,냉장,*,*,*,*,*
공장장,1786,3546,0,NNP,*,T,공장장,*,*,*,*,*
수리,1786,3545,0,NNP,*,F,수리,*,*,*,*,*
걸이,1786,3545,0,NNP,*,F,걸이,*,*,*,*,*
환경공학,1786,3546,0,NNP,*,T,환경공학,*,*,*,*,*
터널,1786,3546,0,NNP,*,T,터널,*,*,*,*,*
인사,1786,3545,0,NNP,*,F,인사,*,*,*,*,*
밸브,1786,3545,0,NNP,*,F,밸브,*,*,*,*,*
연극,1786,3546,0,NNP,*,T,연극,*,*,*,*,*
상품관리,1786,3545,0,NNP,*,F,상품관리,*,*,*,*,*
탕냄비,1786,3545,0,NNP,*,F,탕냄비,*,*,*,*,*
활선공,1786,3546,0,NNP,*,T,활선공,*,*,*,*,*
수집운반작업,1786,3546,0,NNP,*,T,수집운반작업,*,*,*,*,*
의원,1786,3546,0,NNP,*,T,의원,*,*,*,*,*
전기기계,1786,3545,0,NNP,*,F,전기기계,*,*,*,*,*
공조제품,1786,3546,0,NNP,*,T,공조제품,*,*,*,*,*
운전석모듈조립,1786,3546,0,NNP,*,T,운전석모듈조립,*,*,*,*,*
음식물,1786,3546,0,NNP,*,T,음식물,*,*,*,*,*
식사,1786,3545,0,NNP,*,F,식사,*,*,*,*,*
보세,1786,3546,0,NNP,*,T,보세,*,*,*,*,*
요리,1786,3545,0,NNP,*,F,요리,*,*,*,*,*
예능,1786,3546,0,NNP,*,T,예능,*,*,*,*,*
줄포장,1786,3546,0,NNP,*,T,줄포장,*,*,*,*,*
파레트,1786,3545,0,NNP,*,F,파레트,*,*,*,*,*
납품,1786,3546,0,NNP,*,T,납품,*,*,*,*,*
창고관리,1786,3545,0,NNP,*,F,창고관리,*,*,*,*,*
투입,1786,3546,0,NNP,*,T,투입,*,*,*,*,*
지도,1786,3545,0,NNP,*,F,지도,*,*,*,*,*
귀금속,1786,3546,0,NNP,*,T,귀금속,*,*,*,*,*
식음료,1786,3545,0,NNP,*,F,식음료,*,*,*,*,*
의복,1786,3546,0,NNP,*,T,의복,*,*,*,*,*
의류,1786,3545,0,NNP,*,F,의류,*,*,*,*,*
변속기,1786,3545,0,NNP,*,F,변속기,*,*,*,*,*
퀵서비스,1786,3545,0,NNP,*,F,퀵서비스,*,*,*,*,*
약사,1786,3545,0,NNP,*,F,약사,*,*,*,*,*
부착,1786,3546,0,NNP,*,T,부착,*,*,*,*,*
용접공,1786,3546,0,NNP,*,T,용접공,*,*,*,*,*
재료,1786,3545,0,NNP,*,F,재료,*,*,*,*,*
의료,1786,3545,0,NNP,*,F,의료,*,*,*,*,*
운영자,1786,3545,0,NNP,*,F,운영자,*,*,*,*,*
헌옷,1786,3546,0,NNP,*,T,헌옷,*,*,*,*,*
제조관련,1786,3546,0,NNP,*,T,제조관련,*,*,*,*,*
고객응대,1786,3546,0,NNP,*,T,고객응대,*,*,*,*,*
건설,1786,3546,0,NNP,*,T,건설,*,*,*,*,*
장약,1786,3546,0,NNP,*,T,장약,*,*,*,*,*
생산관리,1786,3545,0,NNP,*,F,생산관리,*,*,*,*,*
화학공학,1786,3546,0,NNP,*,T,화학공학,*,*,*,*,*
배달업무,1786,3545,0,NNP,*,F,배달업무,*,*,*,*,*
라인,1786,3546,0,NNP,*,T,라인,*,*,*,*,*
관리사,1786,3545,0,NNP,*,F,관리사,*,*,*,*,*
시스템에어컨,1786,3546,0,NNP,*,T,시스템에어컨,*,*,*,*,*
배관공,1786,3546,0,NNP,*,T,배관공,*,*,*,*,*
입고자재,1786,3546,0,NNP,*,T,입고자재,*,*,*,*,*
재활용쓰레기,1786,3545,0,NNP,*,F,재활용쓰레기,*,*,*,*,*
연료,1786,3545,0,NNP,*,F,연료,*,*,*,*,*
통합간병간호조무사,1786,3545,0,NNP,*,F,통합간병간호조무사,*,*,*,*,*
주조,1786,3545,0,NNP,*,F,주조,*,*,*,*,*
교도,1786,3545,0,NNP,*,F,교도,*,*,*,*,*
철골,1786,3546,0,NNP,*,T,철골,*,*,*,*,*
블랙박스,1786,3545,0,NNP,*,F,블랙박스,*,*,*,*,*
포설,1786,3546,0,NNP,*,T,포설,*,*,*,*,*
철강,1786,3546,0,NNP,*,T,철강,*,*,*,*,*
절삭용,1786,3546,0,NNP,*,T,절삭용,*,*,*,*,*
프레스작업,1786,3546,0,NNP,*,T,프레스작업,*,*,*,*,*
보통인부,1786,3545,0,NNP,*,F,보통인부,*,*,*,*,*
지그,1786,3545,0,NNP,*,F,지그,*,*,*,*,*
환경미화,1786,3545,0,NNP,*,F,환경미화,*,*,*,*,*
유치원,1786,3546,0,NNP,*,T,유치원,*,*,*,*,*
주차,1786,3545,0,NNP,*,F,주차,*,*,*,*,*
용융분산,1786,3546,0,NNP,*,T,용융분산,*,*,*,*,*
통계,1786,3545,0,NNP,*,F,통계,*,*,*,*,*
재가요양센터승강기,1786,3545,0,NNP,*,F,재가요양센터승강기,*,*,*,*,*
어선,1786,3546,0,NNP,*,T,어선,*,*,*,*,*
크리닝,1786,3546,0,NNP,*,T,크리닝,*,*,*,*,*
도장직,1786,3546,0,NNP,*,T,도장직,*,*,*,*,*
활동,1786,3546,0,NNP,*,T,활동,*,*,*,*,*
상차,1786,3545,0,NNP,*,F,상차,*,*,*,*,*
헤라,1786,3545,0,NNP,*,F,헤라,*,*,*,*,*
슬릿,1786,3546,0,NNP,*,T,슬릿,*,*,*,*,*
성형,1786,3546,0,NNP,*,T,성형,*,*,*,*,*
볼팅,1786,3546,0,NNP,*,T,볼팅,*,*,*,*,*
크락샤,1786,3545,0,NNP,*,F,크락샤,*,*,*,*,*
부품,1786,3546,0,NNP,*,T,부품,*,*,*,*,*
절단,1786,3546,0,NNP,*,T,절단,*,*,*,*,*
염료,1786,3545,0,NNP,*,F,염료,*,*,*,*,*
작가,1786,3545,0,NNP,*,F,작가,*,*,*,*,*
노점,1786,3546,0,NNP,*,T,노점,*,*,*,*,*
동물용,1786,3546,0,NNP,*,T,동물용,*,*,*,*,*
냉동육,1786,3546,0,NNP,*,T,냉동육,*,*,*,*,*
강사,1786,3545,0,NNP,*,F,강사,*,*,*,*,*
치료사,1786,3545,0,NNP,*,F,치료사,*,*,*,*,*
고무,1786,3545,0,NNP,*,F,고무,*,*,*,*,*
공무원,1786,3546,0,NNP,*,T,공무원,*,*,*,*,*
에어,1786,3545,0,NNP,*,F,에어,*,*,*,*,*
정보통신,1786,3546,0,NNP,*,T,정보통신,*,*,*,*,*
제빵,1786,3546,0,NNP,*,T,제빵,*,*,*,*,*
운행,1786,3546,0,NNP,*,T,운행,*,*,*,*,*
선반가공,1786,3546,0,NNP,*,T,선반가공,*,*,*,*,*
분쇄,1786,3545,0,NNP,*,F,분쇄,*,*,*,*,*
의장,1786,3546,0,NNP,*,T,의장,*,*,*,*,*
사선,1786,3546,0,NNP,*,T,사선,*,*,*,*,*
골프장,1786,3546,0,NNP,*,T,골프장,*,*,*,*,*
폐가전,1786,3546,0,NNP,*,T,폐가전,*,*,*,*,*
조명,1786,3546,0,NNP,*,T,조명,*,*,*,*,*
재가노인요양,1786,3546,0,NNP,*,T,재가노인요양,*,*,*,*,*
뷔페,1786,3546,0,NNP,*,T,뷔페,*,*,*,*,*
냉동고,1786,3545,0,NNP,*,F,냉동고,*,*,*,*,*
예술가,1786,3545,0,NNP,*,F,예술가,*,*,*,*,*
휠,1786,3546,0,NNP,*,T,휠,*,*,*,*,*
소둔,1786,3546,0,NNP,*,T,소둔,*,*,*,*,*
조색,1786,3546,0,NNP,*,T,조색,*,*,*,*,*
기능계장,1786,3546,0,NNP,*,T,기능계장,*,*,*,*,*
강관,1786,3546,0,NNP,*,T,강관,*,*,*,*,*
관리원,1786,3546,0,NNP,*,T,관리원,*,*,*,*,*
이삿짐,1786,3546,0,NNP,*,T,이삿짐,*,*,*,*,*
조립원,1786,3546,0,NNP,*,T,조립원,*,*,*,*,*
화약,1786,3546,0,NNP,*,T,화약,*,*,*,*,*
자연과학,1786,3546,0,NNP,*,T,자연과학,*,*,*,*,*
결속,1786,3546,0,NNP,*,T,결속,*,*,*,*,*
의회,1786,3545,0,NNP,*,F,의회,*,*,*,*,*
한약사,1786,3545,0,NNP,*,F,한약사,*,*,*,*,*
유통,1786,3546,0,NNP,*,T,유통,*,*,*,*,*
호이스트,1786,3545,0,NNP,*,F,호이스트,*,*,*,*,*
섬유,1786,3545,0,NNP,*,F,섬유,*,*,*,*,*
혼합,1786,3546,0,NNP,*,T,혼합,*,*,*,*,*
배송,1786,3546,0,NNP,*,T,배송,*,*,*,*,*
목재가공,1786,3546,0,NNP,*,T,목재가공,*,*,*,*,*
TBR,1786,3546,0,NNP,*,T,TBR,*,*,*,*,*
유리제품가공,1786,3546,0,NNP,*,T,유리제품가공,*,*,*,*,*
화학물,1786,3546,0,NNP,*,T,화학물,*,*,*,*,*
작동,1786,3546,0,NNP,*,T,작동,*,*,*,*,*
복합,1786,3546,0,NNP,*,T,복합,*,*,*,*,*
슬리브,1786,3545,0,NNP,*,F,슬리브,*,*,*,*,*
조액실,1786,3546,0,NNP,*,T,조액실,*,*,*,*,*
집게차,1786,3545,0,NNP,*,F,집게차,*,*,*,*,*
카트운반작업,1786,3546,0,NNP,*,T,카트운반작업,*,*,*,*,*
청소,1786,3545,0,NNP,*,F,청소,*,*,*,*,*
광폭,1786,3546,0,NNP,*,T,광폭,*,*,*,*,*
보수,1786,3545,0,NNP,*,F,보수,*,*,*,*,*
육고기,1786,3545,0,NNP,*,F,육고기,*,*,*,*,*
계량기,1786,3545,0,NNP,*,F,계량기,*,*,*,*,*
조무사,1786,3545,0,NNP,*,F,조무사,*,*,*,*,*
검사,1786,3545,0,NNP,*,F,검사,*,*,*,*,*
제조,1786,3545,0,NNP,*,F,제조,*,*,*,*,*
기계장비,1786,3545,0,NNP,*,F,기계장비,*,*,*,*,*
직물,1786,3546,0,NNP,*,T,직물,*,*,*,*,*
보관대,1786,3546,0,NNP,*,T,보관대,*,*,*,*,*
분리수거,1786,3545,0,NNP,*,F,분리수거,*,*,*,*,*
교목전지,1786,3545,0,NNP,*,F,교목전지,*,*,*,*,*
핸드폰,1786,3546,0,NNP,*,T,핸드폰,*,*,*,*,*
보험,1786,3546,0,NNP,*,T,보험,*,*,*,*,*
테일게이트,1786,3545,0,NNP,*,F,테일게이트,*,*,*,*,*
재단,1786,3546,0,NNP,*,T,재단,*,*,*,*,*
장비,1786,3545,0,NNP,*,F,장비,*,*,*,*,*
회수철,1786,3546,0,NNP,*,T,회수철,*,*,*,*,*
실린더,1786,3545,0,NNP,*,F,실린더,*,*,*,*,*
제품포장작업,1786,3546,0,NNP,*,T,제품포장작업,*,*,*,*,*
제어,1786,3545,0,NNP,*,F,제어,*,*,*,*,*
가죽,1786,3546,0,NNP,*,T,가죽,*,*,*,*,*
전선류,1786,3545,0,NNP,*,F,전선류,*,*,*,*,*
특수교육,1786,3546,0,NNP,*,T,특수교육,*,*,*,*,*
기포제거,1786,3545,0,NNP,*,F,기포제거,*,*,*,*,*
샤링,1786,3546,0,NNP,*,T,샤링,*,*,*,*,*
요양병원,1786,3546,0,NNP,*,T,요양병원,*,*,*,*,*
계량,1786,3546,0,NNP,*,T,계량,*,*,*,*,*
승무원,1786,3546,0,NNP,*,T,승무원,*,*,*,*,*
통신,1786,3546,0,NNP,*,T,통신,*,*,*,*,*
불량,1786,3546,0,NNP,*,T,불량,*,*,*,*,*
태양광설치,1786,3545,0,NNP,*,F,태양광설치,*,*,*,*,*
정수,1786,3545,0,NNP,*,F,정수,*,*,*,*,*
도금,1786,3546,0,NNP,*,T,도금,*,*,*,*,*
베어링,1786,3546,0,NNP,*,T,베어링,*,*,*,*,*
보링,1786,3546,0,NNP,*,T,보링,*,*,*,*,*
제품검수,1786,3545,0,NNP,*,F,제품검수,*,*,*,*,*
태양광,1786,3546,0,NNP,*,T,태양광,*,*,*,*,*
정수기,1786,3545,0,NNP,*,F,정수기,*,*,*,*,*
벨트작업,1786,3546,0,NNP,*,T,벨트작업,*,*,*,*,*
마찰,1786,3546,0,NNP,*,T,마찰,*,*,*,*,*
샤시,1786,3545,0,NNP,*,F,샤시,*,*,*,*,*
소프트웨어,1786,3545,0,NNP,*,F,소프트웨어,*,*,*,*,*
개인,1786,3546,0,NNP,*,T,개인,*,*,*,*,*
강선건조,1786,3545,0,NNP,*,F,강선건조,*,*,*,*,*
배선,1786,3546,0,NNP,*,T,배선,*,*,*,*,*
커피,1786,3545,0,NNP,*,F,커피,*,*,*,*,*
케이블설치,1786,3545,0,NNP,*,F,케이블설치,*,*,*,*,*
창고,1786,3545,0,NNP,*,F,창고,*,*,*,*,*
안전 관리원,1786,3546,0,NNP,*,T,안전 관리원,*,*,*,*,*
열처리,1786,3545,0,NNP,*,F,열처리,*,*,*,*,*
운송차량,1786,3546,0,NNP,*,T,운송차량,*,*,*,*,*
페이로다,1786,3545,0,NNP,*,F,페이로다,*,*,*,*,*
단체급식,1786,3546,0,NNP,*,T,단체급식,*,*,*,*,*
기록물,1786,3546,0,NNP,*,T,기록물,*,*,*,*,*
톤백작업,1786,3546,0,NNP,*,T,톤백작업,*,*,*,*,*
컨베이어,1786,3545,0,NNP,*,F,컨베이어,*,*,*,*,*
사찰,1786,3546,0,NNP,*,T,사찰,*,*,*,*,*
모듈,1786,3546,0,NNP,*,T,모듈,*,*,*,*,*
음료,1786,3545,0,NNP,*,F,음료,*,*,*,*,*
줄성형,1786,3546,0,NNP,*,T,줄성형,*,*,*,*,*
기획자,1786,3545,0,NNP,*,F,기획자,*,*,*,*,*
압출,1786,3546,0,NNP,*,T,압출,*,*,*,*,*
배차,1786,3545,0,NNP,*,F,배차,*,*,*,*,*
전자설비,1786,3545,0,NNP,*,F,전자설비,*,*,*,*,*
간판,1786,3546,0,NNP,*,T,간판,*,*,*,*,*
기장,1786,3546,0,NNP,*,T,기장,*,*,*,*,*
장애인,1786,3546,0,NNP,*,T,장애인,*,*,*,*,*
요양,1786,3546,0,NNP,*,T,요양,*,*,*,*,*
필드하키,1786,3545,0,NNP,*,F,필드하키,*,*,*,*,*
승주,1786,3545,0,NNP,*,F,승주,*,*,*,*,*
전기용접공,1786,3546,0,NNP,*,T,전기용접공,*,*,*,*,*
토목,1786,3546,0,NNP,*,T,토목,*,*,*,*,*
현장,1786,3546,0,NNP,*,T,현장,*,*,*,*,*
포장업무,1786,3545,0,NNP,*,F,포장업무,*,*,*,*,*
조사,1786,3545,0,NNP,*,F,조사,*,*,*,*,*
택배,1786,3546,0,NNP,*,T,택배,*,*,*,*,*
자판기,1786,3545,0,NNP,*,F,자판기,*,*,*,*,*
테이블,1786,3546,0,NNP,*,T,테이블,*,*,*,*,*
치핑,1786,3546,0,NNP,*,T,치핑,*,*,*,*,*
건물청소,1786,3545,0,NNP,*,F,건물청소,*,*,*,*,*
간호사,1786,3545,0,NNP,*,F,간호사,*,*,*,*,*
각재,1786,3546,0,NNP,*,T,각재,*,*,*,*,*
공무,1786,3545,0,NNP,*,F,공무,*,*,*,*,*
반도체,1786,3546,0,NNP,*,T,반도체,*,*,*,*,*
자동차부분품,1786,3546,0,NNP,*,T,자동차부분품,*,*,*,*,*
거래처,1786,3545,0,NNP,*,F,거래처,*,*,*,*,*
고기,1786,3545,0,NNP,*,F,고기,*,*,*,*,*
상하차,1786,3545,0,NNP,*,F,상하차,*,*,*,*,*
수금,1786,3546,0,NNP,*,T,수금,*,*,*,*,*
굴삭,1786,3546,0,NNP,*,T,굴삭,*,*,*,*,*
금속성형,1786,3546,0,NNP,*,T,금속성형,*,*,*,*,*
세팅작업,1786,3546,0,NNP,*,T,세팅작업,*,*,*,*,*
약국,1786,3546,0,NNP,*,T,약국,*,*,*,*,*
운수,1786,3545,0,NNP,*,F,운수,*,*,*,*,*
전기,1786,3545,0,NNP,*,F,전기,*,*,*,*,*
트레일러,1786,3545,0,NNP,*,F,트레일러,*,*,*,*,*
초소경비,1786,3545,0,NNP,*,F,초소경비,*,*,*,*,*
정비,1786,3545,0,NNP,*,F,정비,*,*,*,*,*
문화재,1786,3546,0,NNP,*,T,문화재,*,*,*,*,*
개발,1786,3546,0,NNP,*,T,개발,*,*,*,*,*
건축석재,1786,3546,0,NNP,*,T,건축석재,*,*,*,*,*
대형타이어,1786,3545,0,NNP,*,F,대형타이어,*,*,*,*,*
주방청소,1786,3545,0,NNP,*,F,주방청소,*,*,*,*,*
하원,1786,3546,0,NNP,*,T,하원,*,*,*,*,*
경비업무,1786,3545,0,NNP,*,F,경비업무,*,*,*,*,*
잡역,1786,3546,0,NNP,*,T,잡역,*,*,*,*,*
생산기,1786,3545,0,NNP,*,F,생산기,*,*,*,*,*
보세창고,1786,3545,0,NNP,*,F,보세창고,*,*,*,*,*
식문화,1786,3545,0,NNP,*,F,식문화,*,*,*,*,*
현장관리,1786,3545,0,NNP,*,F,현장관리,*,*,*,*,*
반죽이동,1786,3546,0,NNP,*,T,반죽이동,*,*,*,*,*
시험원,1786,3546,0,NNP,*,T,시험원,*,*,*,*,*
재료준비,1786,3545,0,NNP,*,F,재료준비,*,*,*,*,*
원료,1786,3545,0,NNP,*,F,원료,*,*,*,*,*
고정,1786,3546,0,NNP,*,T,고정,*,*,*,*,*
배달,1786,3546,0,NNP,*,T,배달,*,*,*,*,*
안전발판,1786,3546,0,NNP,*,T,안전발판,*,*,*,*,*
록볼트,1786,3545,0,NNP,*,F,록볼트,*,*,*,*,*
배합기,1786,3545,0,NNP,*,F,배합기,*,*,*,*,*
수리작업,1786,3546,0,NNP,*,T,수리작업,*,*,*,*,*
제품,1786,3546,0,NNP,*,T,제품,*,*,*,*,*
석유,1786,3545,0,NNP,*,F,석유,*,*,*,*,*
생선부산물,1786,3546,0,NNP,*,T,생선부산물,*,*,*,*,*
조작,1786,3546,0,NNP,*,T,조작,*,*,*,*,*
선행의장용접,1786,3546,0,NNP,*,T,선행의장용접,*,*,*,*,*
스패너,1786,3545,0,NNP,*,F,스패너,*,*,*,*,*
제분,1786,3546,0,NNP,*,T,제분,*,*,*,*,*
조공,1786,3546,0,NNP,*,T,조공,*,*,*,*,*
덤프차량,1786,3546,0,NNP,*,T,덤프차량,*,*,*,*,*
전산작업,1786,3546,0,NNP,*,T,전산작업,*,*,*,*,*
유압,1786,3546,0,NNP,*,T,유압,*,*,*,*,*
형틀조립,1786,3546,0,NNP,*,T,형틀조립,*,*,*,*,*
제관공,1786,3546,0,NNP,*,T,제관공,*,*,*,*,*
필터프레스,1786,3545,0,NNP,*,F,필터프레스,*,*,*,*,*
판넬작업,1786,3546,0,NNP,*,T,판넬작업,*,*,*,*,*
숙박업,1786,3546,0,NNP,*,T,숙박업,*,*,*,*,*
하역,1786,3546,0,NNP,*,T,하역,*,*,*,*,*
행정,1786,3546,0,NNP,*,T,행정,*,*,*,*,*
성형관,1786,3546,0,NNP,*,T,성형관,*,*,*,*,*
하드웨어,1786,3545,0,NNP,*,F,하드웨어,*,*,*,*,*
판금,1786,3546,0,NNP,*,T,판금,*,*,*,*,*
차지카,1786,3545,0,NNP,*,F,차지카,*,*,*,*,*
선박,1786,3546,0,NNP,*,T,선박,*,*,*,*,*
표면처리,1786,3545,0,NNP,*,F,표면처리,*,*,*,*,*
수리원,1786,3546,0,NNP,*,T,수리원,*,*,*,*,*
재배,1786,3546,0,NNP,*,T,재배,*,*,*,*,*
교체,1786,3546,0,NNP,*,T,교체,*,*,*,*,*
사회,1786,3545,0,NNP,*,F,사회,*,*,*,*,*
부위,1786,3545,0,NNP,*,F,부위,*,*,*,*,*
바닥미장,1786,3546,0,NNP,*,T,바닥미장,*,*,*,*,*
철도차량,1786,3546,0,NNP,*,T,철도차량,*,*,*,*,*
택시운전원,1786,3546,0,NNP,*,T,택시운전원,*,*,*,*,*
코너,1786,3545,0,NNP,*,F,코너,*,*,*,*,*
유지보수,1786,3545,0,NNP,*,F,유지보수,*,*,*,*,*
감독,1786,3546,0,NNP,*,T,감독,*,*,*,*,*
종사,1786,3545,0,NNP,*,F,종사,*,*,*,*,*
철,1786,3546,0,NNP,*,T,철,*,*,*,*,*
커버링,1786,3546,0,NNP,*,T,커버링,*,*,*,*,*
육상화물취급업,1786,3546,0,NNP,*,T,육상화물취급업,*,*,*,*,*
감정,1786,3546,0,NNP,*,T,감정,*,*,*,*,*
여가,1786,3545,0,NNP,*,F,여가,*,*,*,*,*
야채,1786,3546,0,NNP,*,T,야채,*,*,*,*,*
창고정리,1786,3545,0,NNP,*,F,창고정리,*,*,*,*,*
차량정비,1786,3545,0,NNP,*,F,차량정비,*,*,*,*,*
원액투입,1786,3546,0,NNP,*,T,원액투입,*,*,*,*,*
미용,1786,3546,0,NNP,*,T,미용,*,*,*,*,*
핀,1786,3546,0,NNP,*,T,핀,*,*,*,*,*
점착가공,1786,3546,0,NNP,*,T,점착가공,*,*,*,*,*
형틀목공직,1786,3546,0,NNP,*,T,형틀목공직,*,*,*,*,*
열설비,1786,3545,0,NNP,*,F,열설비,*,*,*,*,*
영업개발,1786,3546,0,NNP,*,T,영업개발,*,*,*,*,*
수집,1786,3546,0,NNP,*,T,수집,*,*,*,*,*
기기,1786,3545,0,NNP,*,F,기기,*,*,*,*,*
미장,1786,3546,0,NNP,*,T,미장,*,*,*,*,*
냉동냉장,1786,3546,0,NNP,*,T,냉동냉장,*,*,*,*,*
문리,1786,3545,0,NNP,*,F,문리,*,*,*,*,*
충전,1786,3546,0,NNP,*,T,충전,*,*,*,*,*
회수,1786,3545,0,NNP,*,F,회수,*,*,*,*,*
시설,1786,3546,0,NNP,*,T,시설,*,*,*,*,*
식자재들,1786,3546,0,NNP,*,T,식자재들,*,*,*,*,*
설거지,1786,3545,0,NNP,*,F,설거지,*,*,*,*,*
철도,1786,3545,0,NNP,*,F,철도,*,*,*,*,*
대형트럭,1786,3546,0,NNP,*,T,대형트럭,*,*,*,*,*
준비,1786,3545,0,NNP,*,F,준비,*,*,*,*,*
재활병원,1786,3546,0,NNP,*,T,재활병원,*,*,*,*,*
샤시모듈,1786,3546,0,NNP,*,T,샤시모듈,*,*,*,*,*
학습활동,1786,3546,0,NNP,*,T,학습활동,*,*,*,*,*
가전제품,1786,3546,0,NNP,*,T,가전제품,*,*,*,*,*
반장,1786,3546,0,NNP,*,T,반장,*,*,*,*,*
탈착,1786,3546,0,NNP,*,T,탈착,*,*,*,*,*
용량,1786,3546,0,NNP,*,T,용량,*,*,*,*,*
닥트,1786,3545,0,NNP,*,F,닥트,*,*,*,*,*
매트리스,1786,3545,0,NNP,*,F,매트리스,*,*,*,*,*
생선,1786,3546,0,NNP,*,T,생선,*,*,*,*,*
안전,1786,3546,0,NNP,*,T,안전,*,*,*,*,*
치료,1786,3545,0,NNP,*,F,치료,*,*,*,*,*
테이프,1786,3545,0,NNP,*,F,테이프,*,*,*,*,*
재활용품,1786,3546,0,NNP,*,T,재활용품,*,*,*,*,*
제강압연,1786,3546,0,NNP,*,T,제강압연,*,*,*,*,*
복층유리,1786,3545,0,NNP,*,F,복층유리,*,*,*,*,*
산업용,1786,3546,0,NNP,*,T,산업용,*,*,*,*,*
전정,1786,3546,0,NNP,*,T,전정,*,*,*,*,*
포장기,1786,3545,0,NNP,*,F,포장기,*,*,*,*,*
휠체어,1786,3545,0,NNP,*,F,휠체어,*,*,*,*,*
기계,1786,3545,0,NNP,*,F,기계,*,*,*,*,*
작업현장,1786,3546,0,NNP,*,T,작업현장,*,*,*,*,*
버스기사,1786,3545,0,NNP,*,F,버스기사,*,*,*,*,*
통신기기,1786,3545,0,NNP,*,F,통신기기,*,*,*,*,*
자재운반,1786,3546,0,NNP,*,T,자재운반,*,*,*,*,*
리패키징,1786,3546,0,NNP,*,T,리패키징,*,*,*,*,*
펌프카,1786,3545,0,NNP,*,F,펌프카,*,*,*,*,*
금형,1786,3546,0,NNP,*,T,금형,*,*,*,*,*
생활,1786,3546,0,NNP,*,T,생활,*,*,*,*,*
용접작업,1786,3546,0,NNP,*,T,용접작업,*,*,*,*,*
케어,1786,3545,0,NNP,*,F,케어,*,*,*,*,*
스펀지,1786,3545,0,NNP,*,F,스펀지,*,*,*,*,*
수출용,1786,3546,0,NNP,*,T,수출용,*,*,*,*,*
유지,1786,3545,0,NNP,*,F,유지,*,*,*,*,*
피킹작업,1786,3546,0,NNP,*,T,피킹작업,*,*,*,*,*
중개,1786,3546,0,NNP,*,T,중개,*,*,*,*,*
골재,1786,3546,0,NNP,*,T,골재,*,*,*,*,*
제품상차작업,1786,3546,0,NNP,*,T,제품상차작업,*,*,*,*,*
사서,1786,3545,0,NNP,*,F,사서,*,*,*,*,*
완금,1786,3546,0,NNP,*,T,완금,*,*,*,*,*
지중,1786,3546,0,NNP,*,T,지중,*,*,*,*,*
배송업무,1786,3545,0,NNP,*,F,배송업무,*,*,*,*,*
자동차시트,1786,3545,0,NNP,*,F,자동차시트,*,*,*,*,*
실내목공,1786,3546,0,NNP,*,T,실내목공,*,*,*,*,*
작물,1786,3546,0,NNP,*,T,작물,*,*,*,*,*
공구류,1786,3545,0,NNP,*,F,공구류,*,*,*,*,*
경영,1786,3546,0,NNP,*,T,경영,*,*,*,*,*
공작물,1786,3546,0,NNP,*,T,공작물,*,*,*,*,*
건축공사,1786,3545,0,NNP,*,F,건축공사,*,*,*,*,*
산소가스통,1786,3546,0,NNP,*,T,산소가스통,*,*,*,*,*
상차작업,1786,3546,0,NNP,*,T,상차작업,*,*,*,*,*
재료공학,1786,3546,0,NNP,*,T,재료공학,*,*,*,*,*
건물,1786,3546,0,NNP,*,T,건물,*,*,*,*,*
